idx,StartRead,StartReadCount,StartDegree,ErrorTye,ErrorPosition,StartErrKmer,EndErrKmer,EndRead,EndReadCount,EndDegree
0,TGGAATGTAAAGAAGTATGTA,574,6,X-C,21,AX,AC,TGGAATGTAAAGAAGTATGTAC,1,2
0,TGGAATGTAAAGAAGTATGTAT,302,6,T-C,21,AT,AC,TGGAATGTAAAGAAGTATGTAC,1,2
1,TGGAATGTAAAGAAGTATGTA,574,3,A-X,10,AAG,AXG,TGGAATGTAAGAAGTATGTA,1,2
1,TGGAATGTTAAGAAGTATGTA,28,3,T-X,8,TTA,TXA,TGGAATGTAAGAAGTATGTA,1,2
2,TATCACAGCCAGCTTTGATGTGC,466,8,T-G,18,ATG,AGG,TATCACAGCCAGCTTTGAGGTGC,1,2
2,TATCACAGCCAGCTTTGAGGAGC,234,8,A-T,20,GAG,GTG,TATCACAGCCAGCTTTGAGGTGC,1,2
3,TATCACAGCCAGCTTTGATGAGC,271,6,A-C,20,GAG,GCG,TATCACAGCCAGCTTTGATGCGC,1,3
3,TATCACAGCCAGCTTTGATGTGC,466,6,T-C,20,GTG,GCG,TATCACAGCCAGCTTTGATGCGC,1,3
3,TATCACAGCCAGCTTTGATGGGC,91,6,G-C,20,GGG,GCG,TATCACAGCCAGCTTTGATGCGC,1,3
4,TCACCGGGTGAAAATTCGCATG,452,1,G-T,21,TG,TT,TCACCGGGTGAAAATTCGCATT,1,2
4,TCACCGGGTGAAAATTCGCAAT,19,1,A-T,20,AAT,ATT,TCACCGGGTGAAAATTCGCATT,1,2
5,CACCCGTACATTTGTTTCCGTGCT,388,6,T-G,11,TTT,TGT,CACCCGTACATGTGTTTCCGTGCT,1,2
5,CACCCGTACATATGTTTCCGTGCT,450,6,A-G,11,TAT,TGT,CACCCGTACATGTGTTTCCGTGCT,1,2
6,AGGCAAGATGCTGGCATAGCT,251,2,A-X,0,AG,XG,GGCAAGATGCTGGCATAGCT,1,2
6,GGCAAGATGCTGGCATAGCTG,66,2,G-X,20,TG,TX,GGCAAGATGCTGGCATAGCT,1,2
7,TGAGGTAGGAGGTTGTATAGTT,371,3,T-G,21,TT,TG,TGAGGTAGGAGGTTGTATAGTG,1,2
7,TGAGGTAGGAGGTTGTATAGT,6,3,X-G,21,TX,TG,TGAGGTAGGAGGTTGTATAGTG,1,2
8,TGAGGTAGTAGTTTGTACAGTT,269,4,A-G,9,TAG,TGG,TGAGGTAGTGGTTTGTACAGTT,1,2
8,TGAGGTAGTTGTTTGTACAGTT,9,4,T-G,9,TTG,TGG,TGAGGTAGTGGTTTGTACAGTT,1,2
9,TGAGGTAGTAGGTTGTATAGTT,545,8,G-A,10,AGG,AAG,TGAGGTAGTAAGTTGTATAGTT,1,2
9,TGAGGTAGTAAGTTGTATTGTT,395,8,T-A,18,TTG,TAG,TGAGGTAGTAAGTTGTATAGTT,1,2
10,TGAGGTAGTAGATTGTATAGTT,430,6,X-T,11,GXA,GTA,TGAGGTAGTAGTATTGTATAGTT,1,2
10,TGAGGTAGTAGTTTGTATAGTT,32,6,X-A,12,TXT,TAT,TGAGGTAGTAGTATTGTATAGTT,1,2
11,TGAGGTAGTAGGTTGTGTGGTT,455,14,G-C,16,TGT,TCT,TGAGGTAGTAGGTTGTCTGGTT,1,2
11,TGAGGTAGTAGGTTGTATGGTT,439,14,A-C,16,TAT,TCT,TGAGGTAGTAGGTTGTCTGGTT,1,2
12,TGAGGTAGTAGGTTGTATGGTT,439,6,T-X,21,TT,TX,TGAGGTAGTAGGTTGTATGGT,1,2
12,TGAGGTAGTAGGTTGTATAGT,108,6,A-G,18,TAG,TGG,TGAGGTAGTAGGTTGTATGGT,1,2
13,TGAGGTAGTAGATTGTATAGTT,430,3,T-G,15,GTA,GGA,TGAGGTAGTAGATTGGATAGTT,1,2
13,TGAGGTAGTAGATTGAATAGTT,52,3,A-G,15,GAA,GGA,TGAGGTAGTAGATTGGATAGTT,1,2
14,TGAGGTAGTAGGTTGTTTAGTT,8,6,T-X,21,TT,TX,TGAGGTAGTAGGTTGTTTAGT,1,2
14,TGAGGTAGTAGGTTGTATAGT,108,6,A-T,16,TAT,TTT,TGAGGTAGTAGGTTGTTTAGT,1,2
15,TGAGGTAGTAGGTTGTATAGTT,545,14,A-C,18,TAG,TCG,TGAGGTAGTAGGTTGTATCGTT,1,2
15,TGAGGTAGTAGGTTGTATGGTT,439,14,G-C,18,TGG,TCG,TGAGGTAGTAGGTTGTATCGTT,1,2
16,TGAGGTAGTAGGTTGTATAGTT,545,3,X-T,16,TXA,TTA,TGAGGTAGTAGGTTGTTATAGTT,1,2
16,TGAGGTAGTAGGTTGTTTAGTT,8,3,X-A,17,TXT,TAT,TGAGGTAGTAGGTTGTTATAGTT,1,2
17,CTATACAATCTACTGTCTTTC,297,6,T-C,19,TTC,TCC,CTATACAATCTACTGTCTTCC,1,2
17,CTATACAATCTACTGTCTTTCC,225,6,T-X,19,TTC,TXC,CTATACAATCTACTGTCTTCC,1,2
18,CTATACAGTCTACTGTCTTTC,89,9,X-G,21,CX,CG,CTATACAGTCTACTGTCTTTCG,1,2
18,CTATACAGTCTACTGTCTTTCC,280,9,C-G,21,CC,CG,CTATACAGTCTACTGTCTTTCG,1,2
19,CTGTACAGCCTCCTAGCTTTCC,332,12,C-T,11,TCC,TTC,CTGTACAGCCTTCTAGCTTTCC,1,2
19,CTGTACAACCTTCTAGCTTTCC,428,12,A-G,7,AAC,AGC,CTGTACAGCCTTCTAGCTTTCC,1,2
20,TAGCAGCACATAATGGTTTGTT,7,3,T-A,21,TT,TA,TAGCAGCACATAATGGTTTGTA,1,4
20,TAGCAGCACATCATGGTTTGTA,21,3,C-A,11,TCA,TAA,TAGCAGCACATAATGGTTTGTA,1,4
20,TAGCAGCACATAATGGTTTGTG,436,3,G-A,21,TG,TA,TAGCAGCACATAATGGTTTGTA,1,4
20,TAGCAGCACATAATGGTTTGT,29,3,X-A,21,TX,TA,TAGCAGCACATAATGGTTTGTA,1,4
21,CAGGCCATATTGTGCTGCCTCA,281,3,X-C,10,TXT,TCT,CAGGCCATATCTGTGCTGCCTCA,1,2
21,CAGGCCATACTGTGCTGCCTCA,56,3,X-T,9,AXC,ATC,CAGGCCATATCTGTGCTGCCTCA,1,2
22,CAAAGTGCTTACAGTGCAGGTAGT,141,5,T-C,9,TTA,TCA,CAAAGTGCTCACAGTGCAGGTAGT,1,2
22,CAAAGTGCTCACAGTGCAGGTAG,15,5,X-T,23,GX,GT,CAAAGTGCTCACAGTGCAGGTAGT,1,2
23,TAAGGTGCATCTAGTGCAGATA,175,2,C-A,10,TCT,TAT,TAAGGTGCATATAGTGCAGATA,1,2
23,TAAGGTGCATTTAGTGCAGATA,15,2,T-A,10,TTT,TAT,TAAGGTGCATATAGTGCAGATA,1,2
24,ACTGCCCTAAGTGCTCCTTCTG,80,6,X-A,22,GX,GA,ACTGCCCTAAGTGCTCCTTCTGA,1,2
24,ACTGCCCTAAGTGCTCCTTCTGG,268,6,G-A,22,GG,GA,ACTGCCCTAAGTGCTCCTTCTGA,1,2
25,ACTGCCCTAAGTGCTCCTTCTG,80,6,X-C,21,TXG,TCG,ACTGCCCTAAGTGCTCCTTCTCG,1,2
25,ACTGCCCTAAGTGCTCCTTCTGG,268,6,G-C,21,TGG,TCG,ACTGCCCTAAGTGCTCCTTCTCG,1,2
26,TGTGCAAATCTATGCAAAACTGA,522,3,T-C,8,ATC,ACC,TGTGCAAACCTATGCAAAACTGA,1,2
26,TGTGCAAACCCATGCAAAACTGA,14,3,C-T,10,CCA,CTA,TGTGCAAACCTATGCAAAACTGA,1,2
27,AGTTTTGCAGGTTTGCATCCAG,34,10,X-T,22,GX,GT,AGTTTTGCAGGTTTGCATCCAGT,1,2
27,AGTTTTGCAGGTTTGCATCCAGC,331,10,C-T,22,GC,GT,AGTTTTGCAGGTTTGCATCCAGT,1,2
28,ACTGCATTACGAGCACTTAAAG,56,2,G-X,21,AG,AX,ACTGCATTACGAGCACTTAAA,1,2
28,ACTGCATTACGAGCACTTACA,47,2,C-A,19,ACA,AAA,ACTGCATTACGAGCACTTAAA,1,2
29,AGTTCTTCAGTGGCAAGCTTTA,354,2,T-X,20,TTA,TXA,AGTTCTTCAGTGGCAAGCTTA,1,2
29,AGTTCTTCAGTGGCAAGCTTT,7,2,T-A,20,TT,TA,AGTTCTTCAGTGGCAAGCTTA,1,2
30,AAGCTGCCAGTTGAAGAACTGC,6,3,C-G,21,GC,GG,AAGCTGCCAGTTGAAGAACTGG,1,3
30,AAGCTGCCAGTTGAAGAACTGT,447,3,T-G,21,GT,GG,AAGCTGCCAGTTGAAGAACTGG,1,3
30,AAGCTGCCAGTTGAAGAACTG,7,3,X-G,21,GX,GG,AAGCTGCCAGTTGAAGAACTGG,1,3
31,GGTTCCTGGGGATGGGATTT,16,5,X-G,2,GXT,GGT,GGGTTCCTGGGGATGGGATTT,1,2
31,GGGGTTCCTGGGGATGGGATTT,346,5,G-X,3,GGT,GXT,GGGTTCCTGGGGATGGGATTT,1,2
32,ATCACATTGCCAGGGATTACCA,33,4,A-C,18,TAC,TCC,ATCACATTGCCAGGGATTCCCA,1,2
32,ATCACATTGCCAGGGATTTCCA,38,4,T-C,18,TTC,TCC,ATCACATTGCCAGGGATTCCCA,1,2
33,TGCCTACTGAGCTGATATCAGT,255,3,G-A,10,AGC,AAC,TGCCTACTGAACTGATATCAGT,1,2
33,GTGCCTACTGAACTGATATCAGT,6,3,G-X,0,GT,XT,TGCCTACTGAACTGATATCAGT,1,2
34,GTGCCTACTGAGCTGATATCAG,32,5,X-G,22,GX,GG,GTGCCTACTGAGCTGATATCAGG,1,2
34,GTGCCTACTGAGCTGATATCAGT,192,5,T-G,22,GT,GG,GTGCCTACTGAGCTGATATCAGG,1,2
35,TGGCTCAGTTCAGCAGGACAG,7,16,X-G,17,GXA,GGA,TGGCTCAGTTCAGCAGGGACAG,1,2
35,TGGCTCAGTTCAGCAGGAACAG,552,16,A-G,17,GAA,GGA,TGGCTCAGTTCAGCAGGGACAG,1,2
36,CCTATTCTTGGTTACTTGCACG,317,3,X-G,22,GX,GG,CCTATTCTTGGTTACTTGCACGG,1,2
36,CCTATTCTTGGTTACTTGCACTG,23,3,T-G,21,CTG,CGG,CCTATTCTTGGTTACTTGCACGG,1,2
37,CCTATTCTTGGTTACTTGCAC,34,9,X-T,21,CX,CT,CCTATTCTTGGTTACTTGCACT,1,3
37,CCTATTCTTGGTTACTTGCACTG,23,9,G-X,22,TG,TX,CCTATTCTTGGTTACTTGCACT,1,3
37,CCTATTCTTGGTTACTTGCACG,317,9,G-T,21,CG,CT,CCTATTCTTGGTTACTTGCACT,1,3
38,TTCACAGTGGCTAAGTTCTGC,321,2,G-A,19,TGC,TAC,TTCACAGTGGCTAAGTTCTAC,1,2
38,TTCACAGTGGCTAAGTTCCAC,7,2,C-T,18,CCA,CTA,TTCACAGTGGCTAAGTTCTAC,1,2
39,TTCACAGTGGCTAAGTTCTGC,321,3,C-A,20,GC,GA,TTCACAGTGGCTAAGTTCTGA,1,2
39,TTCACAGTGGCTAAGTTCTGCA,32,3,C-X,20,GCA,GXA,TTCACAGTGGCTAAGTTCTGA,1,2
40,TTCACAGTGGCTAAGTTCTTCA,14,17,A-X,21,CA,CX,TTCACAGTGGCTAAGTTCTTC,1,2
40,TTCACAGTGGCTAAGTTCTGC,321,17,G-T,19,TGC,TTC,TTCACAGTGGCTAAGTTCTTC,1,2
41,CACTAGATTGTGAGCTCCTGGA,306,2,C-A,16,TCC,TAC,CACTAGATTGTGAGCTACTGGA,1,2
41,CACTAGATTGTGAGCTGCTGGA,43,2,G-A,16,TGC,TAC,CACTAGATTGTGAGCTACTGGA,1,2
42,TAGCACCATTTGAAATCGGT,27,5,G-T,17,CGG,CTG,TAGCACCATTTGAAATCTGT,1,2
42,TAGCACCATTTGAAATCAGT,91,5,A-T,17,CAG,CTG,TAGCACCATTTGAAATCTGT,1,2
43,TGTAAACATCCTCGACTGGAAG,550,3,T-X,11,CTC,CXC,TGTAAACATCCCGACTGGAAG,1,3
43,TGTAAACATCCCCGACTGGAAG,307,3,C-X,12,CCG,CXG,TGTAAACATCCCGACTGGAAG,1,3
43,TGTAAACATTCCCGACTGGAAG,13,3,T-X,9,TTC,TXC,TGTAAACATCCCGACTGGAAG,1,3
44,TGTAAACATCCTTGACTGGAAG,206,9,T-C,11,CTT,CCT,TGTAAACATCCCTGACTGGAAG,1,2
44,TGTAAACATCCCCGACTGGAAG,307,9,C-T,12,CCG,CTG,TGTAAACATCCCTGACTGGAAG,1,2
45,TGTAAACATCCTCGACTGGAAG,550,9,T-G,11,CTC,CGC,TGTAAACATCCGCGACTGGAAG,1,2
45,TGTAAACATCCCCGACTGGAAG,307,9,C-G,11,CCC,CGC,TGTAAACATCCGCGACTGGAAG,1,2
46,TGTAAACATCCTCGACTGGAAG,550,6,C-A,12,TCG,TAG,TGTAAACATCCTAGACTGGAAG,1,2
46,TGTAAACATCCTTGACTGGAAG,206,6,T-A,12,TTG,TAG,TGTAAACATCCTAGACTGGAAG,1,2
47,CAATGTTTCCACAGTGCATCAC,282,3,C-G,21,AC,AG,CAATGTTTCCACAGTGCATCAG,2,2
47,CAATGTTTCCACAGTGCATCA,32,3,X-G,21,AX,AG,CAATGTTTCCACAGTGCATCAG,2,2
48,ACTGCTGAGCTAGCACTTCCCG,297,3,C-G,20,CCG,CGG,ACTGCTGAGCTAGCACTTCCGG,2,2
48,ACTGCTGAGCTAGCACTTCCAG,6,3,A-G,20,CAG,CGG,ACTGCTGAGCTAGCACTTCCGG,2,2
49,ACTGCTGAGCTAGCACTTCCAG,6,3,X-A,22,GX,GA,ACTGCTGAGCTAGCACTTCCAGA,1,2
49,ACTGCTGAGCTAGCACTTCCCGA,30,3,C-A,20,CCG,CAG,ACTGCTGAGCTAGCACTTCCAGA,1,2
50,TTTGGCACTAGCACATTTTTGCT,364,3,T-C,22,CT,CC,TTTGGCACTAGCACATTTTTGCC,1,2
50,TTTGGCACTAGCACATTTTTGC,59,3,X-C,22,CX,CC,TTTGGCACTAGCACATTTTTGCC,1,2
51,CTATACAACTTACTACTTTCCC,229,4,C-G,21,CC,CG,CTATACAACTTACTACTTTCCG,1,3
51,CTATACAACTTACTACTTTCCT,52,4,T-G,21,CT,CG,CTATACAACTTACTACTTTCCG,1,3
51,CTATACAACTTACTACTTTCC,32,4,X-G,21,CX,CG,CTATACAACTTACTACTTTCCG,1,3
52,CTATACAACTTACTACTTTCCC,229,4,C-T,19,TCC,TTC,CTATACAACTTACTACTTTTCC,1,2
52,CTATACAACTTACTACTTTCC,32,4,X-T,19,TXC,TTC,CTATACAACTTACTACTTTTCC,1,2
53,AACCCGTAGATCCGAACTTGTG,472,5,G-C,8,AGA,ACA,AACCCGTACATCCGAACTTGTG,1,2
53,AACCCGTAAATCCGAACTTGTG,82,5,A-C,8,AAA,ACA,AACCCGTACATCCGAACTTGTG,1,2
54,AACCCGTAGATCCGAACTTGTG,472,19,A-X,15,AAC,AXC,AACCCGTAGATCCGACTTGTG,1,2
54,AACCCGTAGATCCGATCTTGTG,555,19,T-X,15,ATC,AXC,AACCCGTAGATCCGACTTGTG,1,2
55,CAAGCTCGCTTCTATGGGTCTG,232,2,A-X,2,AAG,AXG,CAGCTCGCTTCTATGGGTCTG,1,2
55,AAGCTCGCTTCTATGGGTCTG,11,2,A-C,0,AA,CA,CAGCTCGCTTCTATGGGTCTG,1,2
56,TACAGTACTGTGATAACTGAA,435,2,A-X,15,AAC,AXC,TACAGTACTGTGATACTGAA,1,2
56,TACAGTACTGTGATAGCTGAA,47,2,G-X,15,AGC,AXC,TACAGTACTGTGATACTGAA,1,2
57,TACAGTACTGTGATAACTGAAG,131,15,A-X,20,AAG,AXG,TACAGTACTGTGATAACTGAG,2,2
57,TACAGTACTGTGATAACTGAA,435,15,A-G,20,AA,AG,TACAGTACTGTGATAACTGAG,2,2
58,GCTGGTTTCATATGGTGGTTTAGA,231,1,A-X,21,TAG,TXG,GCTGGTTTCATATGGTGGTTTGA,1,2
58,GCTGGTTTCATATGGTGGTTTA,189,1,X-G,21,TXA,TGA,GCTGGTTTCATATGGTGGTTTGA,1,2
59,TAGCACCATTTGAAATCAGTGT,38,8,X-G,21,GXT,GGT,TAGCACCATTTGAAATCAGTGGT,1,2
59,TAGCACCATTTGAAATCAGTGTT,491,8,T-G,21,GTT,GGT,TAGCACCATTTGAAATCAGTGGT,1,2
60,TAGCACCATTTGAAATCAGTGT,38,1,X-C,22,TX,TC,TAGCACCATTTGAAATCAGTGTC,1,3
60,TAGCACCATTTGAAATCAGTGTT,491,1,T-C,22,TT,TC,TAGCACCATTTGAAATCAGTGTC,1,3
60,TAGCACCATATGAAATCAGTGTC,7,1,A-T,9,TAT,TTT,TAGCACCATTTGAAATCAGTGTC,1,3
61,AGCTTCTTTACAGTGCTGCCTTG,301,10,A-C,0,AG,CG,CGCTTCTTTACAGTGCTGCCTTG,1,2
61,GGCTTCTTTACAGTGCTGCCTTG,271,10,G-C,0,GG,CG,CGCTTCTTTACAGTGCTGCCTTG,1,2
62,AGCAGCATTGTACAGGGCTATCA,434,3,A-T,22,CA,CT,AGCAGCATTGTACAGGGCTATCT,1,2
62,AGCAGCATTGTACAGGGCTATC,7,3,X-T,22,CX,CT,AGCAGCATTGTACAGGGCTATCT,1,2
63,AGCAGCATTGTACAGGGCTATC,7,11,X-G,22,CX,CG,AGCAGCATTGTACAGGGCTATCG,1,2
63,AGCAGCATTGTACAGGGCTATCA,434,11,A-G,22,CA,CG,AGCAGCATTGTACAGGGCTATCG,1,2
64,CCAATATTACTGTGCTGCTTTA,216,1,C-T,9,ACT,ATT,CCAATATTATTGTGCTGCTTTA,1,2
64,CCAATATTATTGTGCTGCTTAA,22,1,A-T,20,TAA,TTA,CCAATATTATTGTGCTGCTTTA,1,2
65,TGGAAGACTAGTGATTTTGTTGTT,133,2,T-X,20,TTG,TXG,TGGAAGACTAGTGATTTTGTGTT,1,2
65,TGGAAGACTAGTGATTTTTGTT,21,2,X-G,18,TXT,TGT,TGGAAGACTAGTGATTTTGTGTT,1,2
66,TATCACAGCCATTTTGACGAGT,229,7,C-G,17,ACG,AGG,TATCACAGCCATTTTGAGGAGT,1,2
66,TATCACAGCCATTTTGATGAGT,216,7,T-G,17,ATG,AGG,TATCACAGCCATTTTGAGGAGT,1,2
67,TATCACAGCCATTTTGATGAGT,216,3,T-C,21,GT,GC,TATCACAGCCATTTTGATGAGC,1,2
67,TATCACAGCCATTTTGATGAG,5,3,X-C,21,GX,GC,TATCACAGCCATTTTGATGAGC,1,2
68,CTGCGCAAGCTACTGCCTTGCT,310,2,C-A,0,CT,AT,ATGCGCAAGCTACTGCCTTGCT,1,2
68,TGCGCAAGCTACTGCCTTGCT,6,2,X-A,0,XT,AT,ATGCGCAAGCTACTGCCTTGCT,1,2
69,ACATACTTCTTTATATGCCCATA,207,3,A-G,14,TAT,TGT,ACATACTTCTTTATGTGCCCATA,1,2
69,ACATACTTCTTTATGTACCCATA,73,3,A-G,16,TAC,TGC,ACATACTTCTTTATGTGCCCATA,1,2
70,ACATACTTCTTCATATGCCCATA,22,11,C-G,11,TCA,TGA,ACATACTTCTTGATATGCCCATA,1,2
70,ACATACTTCTTTATATGCCCATA,207,11,T-G,11,TTA,TGA,ACATACTTCTTGATATGCCCATA,1,2
71,TGTAAACATCCTACACTCAGCT,354,2,X-T,15,AXC,ATC,TGTAAACATCCTACATCTCAGCT,1,2
71,TGTAAACATCCTACACTCTCAGCT,23,2,C-X,15,ACT,AXT,TGTAAACATCCTACATCTCAGCT,1,2
72,TAAGGCACGCGGTGAATGCC,209,8,C-A,19,CC,CA,TAAGGCACGCGGTGAATGCA,1,2
72,TAAGGCACGCGGTGAATGCCA,180,8,C-X,19,CCA,CXA,TAAGGCACGCGGTGAATGCA,1,2
73,TAAGGCACGCGGTGAATGCCA,180,3,X-T,20,CXA,CTA,TAAGGCACGCGGTGAATGCCTA,1,2
73,TAAGGCACGCGGTGAATGCCAA,103,3,A-T,20,CAA,CTA,TAAGGCACGCGGTGAATGCCTA,1,2
74,TCCCTGAGACCCTTAACCTGTG,38,7,X-A,22,GX,GA,TCCCTGAGACCCTTAACCTGTGA,2,2
74,TCCCTGAGACCCTTTAACCTGTGA,274,7,T-X,14,TTA,TXA,TCCCTGAGACCCTTAACCTGTGA,2,2
75,TCGTACCGTGAGTAATAATGCG,273,2,C-X,1,TCG,TXG,TGTACCGTGAGTAATAATGCG,1,2
75,CGTACCGTGAGTAATAATGCG,7,2,C-T,0,CG,TG,TGTACCGTGAGTAATAATGCG,1,2
76,TCGGATCCGTCTGAGCTTGGCT,355,2,X-C,0,XT,CT,CTCGGATCCGTCTGAGCTTGGCT,1,2
76,ATCGGATCCGTCTGAGCTTGGCT,18,2,A-C,0,AT,CT,CTCGGATCCGTCTGAGCTTGGCT,1,2
77,GCTGGTAAAATGGAACCAAAT,170,5,X-C,0,XG,CG,CGCTGGTAAAATGGAACCAAAT,1,2
77,AGCTGGTAAAATGGAACCAAAT,120,5,A-C,0,AG,CG,CGCTGGTAAAATGGAACCAAAT,1,2
78,TTTGGTCCCCTTCAACCAGCTG,310,6,T-A,2,TTG,TAG,TTAGGTCCCCTTCAACCAGCTG,1,2
78,TTGGTCCCCTTCAACCAGCTG,25,6,X-A,2,TXG,TAG,TTAGGTCCCCTTCAACCAGCTG,1,2
79,TTGGTCCCCTTCAACCAGCTA,28,4,A-C,20,TA,TC,TTGGTCCCCTTCAACCAGCTC,1,3
79,TTGGTCCCCTTCAACCAGCTG,25,4,G-C,20,TG,TC,TTGGTCCCCTTCAACCAGCTC,1,3
79,TTGGTCCCCTTCAACCAGCTGC,29,4,G-X,20,TGC,TXC,TTGGTCCCCTTCAACCAGCTC,1,3
80,TATGGCTTTTTATTCCTATGTGA,400,4,X-C,11,TXA,TCA,TATGGCTTTTTCATTCCTATGTGA,1,2
80,TATGGCTTTTCATTCCTATGTGA,128,4,X-T,10,TXC,TTC,TATGGCTTTTTCATTCCTATGTGA,1,2
81,TATGGCTTTTTATTCCTATGTGA,400,3,A-X,22,GA,GX,TATGGCTTTTTATTCCTATGTG,1,4
81,TATGGCTTTCTATTCCTATGTG,32,3,C-T,9,TCT,TTT,TATGGCTTTTTATTCCTATGTG,1,4
81,TATGGCTTTTTATTCCTATCTG,26,3,C-G,19,TCT,TGT,TATGGCTTTTTATTCCTATGTG,1,4
81,TATGGCTTTTCATTCCTATGTG,6,3,C-T,10,TCA,TTA,TATGGCTTTTTATTCCTATGTG,1,4
82,TATGGCTTTTTATTCCTATGTGA,400,4,T-A,10,TTA,TAA,TATGGCTTTTAATTCCTATGTGA,2,2
82,TATGGCTTTTCATTCCTATGTGA,128,4,C-A,10,TCA,TAA,TATGGCTTTTAATTCCTATGTGA,2,2
83,TATGGCTTTTTATTCCTATCTG,26,3,T-C,10,TTA,TCA,TATGGCTTTTCATTCCTATCTG,1,2
83,TATGGCTTTTCATTCCTATGTG,6,3,G-C,19,TGT,TCT,TATGGCTTTTCATTCCTATCTG,1,2
84,GCTATTTCACGACACCAGGGT,192,3,G-X,10,CGA,CXA,GCTATTTCACACACCAGGGT,1,2
84,GCTATTTCACAACACCAGGGT,14,3,A-X,11,AAC,AXC,GCTATTTCACACACCAGGGT,1,2
85,GCTATTTCACGACACCAGGGT,192,3,G-C,10,CGA,CCA,GCTATTTCACCACACCAGGGT,1,2
85,GCTATTTCACAACACCAGGGT,14,3,A-C,10,CAA,CCA,GCTATTTCACCACACCAGGGT,1,2
86,TACCACAGGGTAGAACCACGGA,6,7,G-X,20,GGA,GXA,TACCACAGGGTAGAACCACGA,1,2
86,TACCACAGGGTAGAACCACGG,284,7,G-A,20,GG,GA,TACCACAGGGTAGAACCACGA,1,2
87,AGGGAGGGACGGGGGCTGTGC,66,2,X-G,0,XA,GA,GAGGGAGGGACGGGGGCTGTGC,1,2
87,GAGGGAGGGACGGGGGCGGTGC,159,2,G-T,17,CGG,CTG,GAGGGAGGGACGGGGGCTGTGC,1,2
88,CTAGACTGAGGCTCCTTGAGG,200,2,G-T,9,AGG,ATG,CTAGACTGATGCTCCTTGAGG,1,2
88,CTAGACTGAAGCTCCTTGAGG,43,2,A-T,9,AAG,ATG,CTAGACTGATGCTCCTTGAGG,1,2
89,TTGCATAGTCACAAAAGTGATC,295,3,G-C,16,AGT,ACT,TTGCATAGTCACAAAACTGATC,1,2
89,TTGCATAGTCACAAAAATGATC,14,3,A-C,16,AAT,ACT,TTGCATAGTCACAAAACTGATC,1,2
90,TGACAGAAGAGAGTGAGCAC,1752,4,T-X,13,GTG,GXG,TGACAGAAGAGAGGAGCAC,1,3
90,TGACAGAAGAGAGCGAGCAC,30,4,C-X,13,GCG,GXG,TGACAGAAGAGAGGAGCAC,1,3
90,TGACAGAAGAGAGGGAGCAC,12,4,G-X,14,GGA,GXA,TGACAGAAGAGAGGAGCAC,1,3
91,TGACAGAAGAGAGTGAGCAC,1752,4,X-C,14,TXG,TCG,TGACAGAAGAGAGTCGAGCAC,1,2
91,TGACAGAAGAGAGCGAGCAC,30,4,X-T,13,GXC,GTC,TGACAGAAGAGAGTCGAGCAC,1,2
92,TGACAGAAGAGAGTGAGCAC,1752,2,T-A,0,TG,AG,AGACAGAAGAGAGTGAGCAC,2,2
92,CGACAGAAGAGAGTGAGCAC,26,2,C-A,0,CG,AG,AGACAGAAGAGAGTGAGCAC,2,2
93,TTGACAGAAGATAGAGAGCAC,560,3,A-C,16,GAG,GCG,TTGACAGAAGATAGAGCGCAC,1,2
93,TTGACAGAAGATAGAGGGCAC,6,3,G-C,16,GGG,GCG,TTGACAGAAGATAGAGCGCAC,1,2
94,TGACAGAAGATAGAGAGCAC,149,2,T-C,10,ATA,ACA,TGACAGAAGACAGAGAGCAC,1,2
94,TGACAGAAGAAAGAGAGCAC,26,2,A-C,10,AAA,ACA,TGACAGAAGACAGAGAGCAC,1,2
95,TTGACAGAAGATAGAGAGCAC,560,3,A-T,16,GAG,GTG,TTGACAGAAGATAGAGTGCAC,1,2
95,TTGACAGAAGATAGAGGGCAC,6,3,G-T,16,GGG,GTG,TTGACAGAAGATAGAGTGCAC,1,2
96,TTTGGATTGAAGGGAGCTCTA,185,5,X-G,20,TXA,TGA,TTTGGATTGAAGGGAGCTCTGA,1,2
96,TTTGGATTGAAGGGAGCTCTG,143,5,X-A,21,GX,GA,TTTGGATTGAAGGGAGCTCTGA,1,2
97,ATTGGATTGAAGGGAGCTCCG,24,3,A-C,0,AT,CT,CTTGGATTGAAGGGAGCTCCG,1,3
97,CTTGGATTGAAGGGAGCTCCT,74,3,T-G,20,CT,CG,CTTGGATTGAAGGGAGCTCCG,1,3
97,CTTGGATTGAAGGGAGCTCCC,6,3,C-G,20,CC,CG,CTTGGATTGAAGGGAGCTCCG,1,3
98,TTGGACTGAAGGGAGCTCCC,103,4,X-T,2,TXG,TTG,TTTGGACTGAAGGGAGCTCCC,1,2
98,CTTGGACTGAAGGGAGCTCCC,24,4,C-T,0,CT,TT,TTTGGACTGAAGGGAGCTCCC,1,2
99,TGCCTGGCTCCCTGAATGCCA,57,22,X-T,14,GXA,GTA,TGCCTGGCTCCCTGTAATGCCA,1,2
99,TGCCTGGCTCCCTGTATGCCA,895,22,X-A,16,AXT,AAT,TGCCTGGCTCCCTGTAATGCCA,1,2
100,TGCCTGGCTCCCTGTATGCCA,895,2,A-C,20,CA,CC,TGCCTGGCTCCCTGTATGCCC,1,2
100,TGCCTGGCTCCCTGTATGCCG,40,2,G-C,20,CG,CC,TGCCTGGCTCCCTGTATGCCC,1,2
101,TCGATAAACCTCTGCATCCAG,373,2,A-C,7,AAC,ACC,TCGATAACCCTCTGCATCCAG,1,2
101,TCGATAAGCCTCTGCATCCAG,25,2,G-C,7,AGC,ACC,TCGATAACCCTCTGCATCCAG,1,2
102,TGGAGAAGCAGGGCACGTGAG,24,4,G-T,20,AG,AT,TGGAGAAGCAGGGCACGTGAT,1,2
102,TGGAGAAGCAGGGCACGTGCT,42,4,C-A,19,GCT,GAT,TGGAGAAGCAGGGCACGTGAT,1,2
103,TGGAGAAGCAGGGCACGTGCG,26,18,X-A,21,GX,GA,TGGAGAAGCAGGGCACGTGCGA,1,2
103,TGGAGAAGCAGGGCACGTGCA,563,18,X-G,20,CXA,CGA,TGGAGAAGCAGGGCACGTGCGA,1,2
104,GGTTTGTTGTCTGGCTCGAGG,24,9,T-A,3,TTT,TAT,GGTATGTTGTCTGGCTCGAGG,1,2
104,GGAATGTTGTCTGGCTCGAGG,82,9,A-T,2,GAA,GTA,GGTATGTTGTCTGGCTCGAGG,1,2
105,GGAATGTTGTCTGGCTCGAGG,82,4,T-G,15,CTC,CGC,GGAATGTTGTCTGGCGCGAGG,1,2
105,GGAATGTTGTCTGGCACGAGG,138,4,A-G,15,CAC,CGC,GGAATGTTGTCTGGCGCGAGG,1,2
106,GGAATGTTGTCTGGATCGAGG,140,2,T-G,9,GTC,GGC,GGAATGTTGGCTGGATCGAGG,1,2
106,GGAATGTTGGCTGGCTCGAGG,45,2,C-A,14,GCT,GAT,GGAATGTTGGCTGGATCGAGG,1,2
107,GGAATGTTGTCTGGATCGAGG,140,4,A-C,3,AAT,ACT,GGACTGTTGTCTGGATCGAGG,1,2
107,GGACTGTTGTCTGGCTCGAGG,281,4,C-A,14,GCT,GAT,GGACTGTTGTCTGGATCGAGG,1,2
108,TCGGACCAGGCTTCATCCCCC,278,31,C-A,16,TCC,TAC,TCGGACCAGGCTTCATACCCC,1,2
108,TCGGACCAGGCTTCATTCCCC,1469,31,T-A,16,TTC,TAC,TCGGACCAGGCTTCATACCCC,1,2
109,TCGGACCAGGCTTCATTCCCC,1469,15,C-G,19,CCC,CGC,TCGGACCAGGCTTCATTCCGC,2,3
109,TCGGACCAGGCTTCATTCCTC,106,15,T-G,19,CTC,CGC,TCGGACCAGGCTTCATTCCGC,2,3
109,TCGGACCAGGCTTCATTCCC,210,15,X-G,19,CXC,CGC,TCGGACCAGGCTTCATTCCGC,2,3
110,TCGGACCAGGCTTCATTCCCC,1469,15,C-G,17,TCC,TGC,TCGGACCAGGCTTCATTGCCC,1,2
110,TCGGACCAGGCTTCATTCCC,210,15,X-G,17,TXC,TGC,TCGGACCAGGCTTCATTGCCC,1,2
111,TCGGACCAGGCTTCATTCCCC,1469,15,C-G,18,CCC,CGC,TCGGACCAGGCTTCATTCGCC,1,2
111,TCGGACCAGGCTTCATTCCC,210,15,X-G,18,CXC,CGC,TCGGACCAGGCTTCATTCGCC,1,2
112,TCGGACCAGGCTTCATTCCCC,1469,4,C-T,5,ACC,ATC,TCGGATCAGGCTTCATTCCCC,1,2
112,TCGGATCAGGCTTCATTCCTC,22,4,T-C,19,CTC,CCC,TCGGATCAGGCTTCATTCCCC,1,2
113,TCGGACCAGGCTTCATTCCCC,1469,15,C-G,20,CC,CG,TCGGACCAGGCTTCATTCCCG,1,3
113,TCGGACCAGGCTTCATTCCCT,24,15,T-G,20,CT,CG,TCGGACCAGGCTTCATTCCCG,1,3
113,TCGGACCAGGCTTCATTCCC,210,15,X-G,20,CX,CG,TCGGACCAGGCTTCATTCCCG,1,3
114,TCGGACCAGGCTTCATTCCCC,1469,4,G-X,3,GGA,GXA,TCGACCAGGCTTCATTCCCC,1,2
114,TCGAACCAGGCTTCATTCCCC,45,4,A-X,4,AAC,AXC,TCGACCAGGCTTCATTCCCC,1,2
115,TCGGACCAGGCTTCATCCCCC,278,15,C-T,17,CCC,CTC,TCGGACCAGGCTTCATCTCCC,1,2
115,TCGGACCAGGCTTCATTCCC,210,15,X-C,16,TXT,TCT,TCGGACCAGGCTTCATCTCCC,1,2
116,TCGGACCAGGCTTCATTCCCC,1469,4,X-A,3,GXG,GAG,TCGAGACCAGGCTTCATTCCCC,1,2
116,TCGAACCAGGCTTCATTCCCC,45,4,X-G,4,AXA,AGA,TCGAGACCAGGCTTCATTCCCC,1,2
117,TCGGACCAGGCTTCATTCCTC,106,9,T-C,16,TTC,TCC,TCGGACCAGGCTTCATCCCTC,1,2
117,TCGGACCAGGCTTCATCCCCC,278,9,C-T,19,CCC,CTC,TCGGACCAGGCTTCATCCCTC,1,2
118,TCGGACCAGGCTTCATTCCCC,1469,15,C-A,18,CCC,CAC,TCGGACCAGGCTTCATTCACC,1,2
118,TCGGACCAGGCTTCATTCCC,210,15,X-A,18,CXC,CAC,TCGGACCAGGCTTCATTCACC,1,2
119,TCGGACCAGGCTTCATTCCTT,36,15,T-X,20,TT,TX,TCGGACCAGGCTTCATTCCT,1,5
119,TCGGACCAGGCTTCATTCCTA,6,15,A-X,20,TA,TX,TCGGACCAGGCTTCATTCCT,1,5
119,TCGGACCAGGCTTCATTCCTC,106,15,C-X,20,TC,TX,TCGGACCAGGCTTCATTCCT,1,5
119,TCGGACCAGGCTTCATTCCCT,24,15,C-X,19,CCT,CXT,TCGGACCAGGCTTCATTCCT,1,5
119,TCGGACCAGGCTTCATTCCC,210,15,C-T,19,CC,CT,TCGGACCAGGCTTCATTCCT,1,5
120,TAGCCAAGGATGACTTGCCCA,25,8,A-G,20,CA,CG,TAGCCAAGGATGACTTGCCCG,1,4
120,TAGCCAAGGATGACTTGCTCG,13,8,T-C,18,CTC,CCC,TAGCCAAGGATGACTTGCCCG,1,4
120,TAGCCAAGGATGACTTGCCTG,484,8,T-C,19,CTG,CCG,TAGCCAAGGATGACTTGCCCG,1,4
120,TAGCCAAGGATGACTTGCCGG,24,8,G-C,19,CGG,CCG,TAGCCAAGGATGACTTGCCCG,1,4
121,TAGCCAAGGATGACTTGCCCA,25,7,C-G,19,CCA,CGA,TAGCCAAGGATGACTTGCCGA,1,4
121,TAGCCAAGGATGACTTGCCTA,124,7,T-G,19,CTA,CGA,TAGCCAAGGATGACTTGCCGA,1,4
121,TAGCCAAGGATGACTTGCCGG,24,7,G-A,20,GG,GA,TAGCCAAGGATGACTTGCCGA,1,4
121,CAGCCAAGGATGACTTGCCGA,286,7,C-T,0,CA,TA,TAGCCAAGGATGACTTGCCGA,1,4
122,TGATTGAGCCGCGCCAATATC,172,4,C-G,13,GCC,GGC,TGATTGAGCCGCGGCAATATC,1,2
122,TGATTGAGCCGCGTCAATATC,6,4,T-G,13,GTC,GGC,TGATTGAGCCGCGGCAATATC,1,2
123,TGATTGAGCCGTGCCAATATC,298,3,T-A,0,TG,AG,AGATTGAGCCGTGCCAATATC,1,2
123,AGATTGAGCCGCGCCAATATC,31,3,C-T,11,GCG,GTG,AGATTGAGCCGTGCCAATATC,1,2
124,AGAATCTTGATGATGCTGCAG,55,7,A-X,19,CAG,CXG,AGAATCTTGATGATGCTGCG,1,2
124,AGAATCTTGATGATGCTGCA,105,7,A-G,19,CA,CG,AGAATCTTGATGATGCTGCG,1,2
125,GGAATCTTGATGATGCTGCAT,90,15,G-X,1,GGA,GXA,GAATCTTGATGATGCTGCAT,1,2
125,AGAATCTTGATGATGCTGCAT,389,15,A-X,0,AG,XG,GAATCTTGATGATGCTGCAT,1,2
126,TGAATCTTGATGATGCTGCAC,42,15,T-A,0,TG,AG,AGAATCTTGATGATGCTGCAC,1,4
126,AGAATCTTGATGATGCTGCAG,55,15,G-C,20,AG,AC,AGAATCTTGATGATGCTGCAC,1,4
126,AGAATCTTGATGATGCTGCA,105,15,X-C,20,AX,AC,AGAATCTTGATGATGCTGCAC,1,4
126,AGAATCTTGATGATGCTGCAT,389,15,T-C,20,AT,AC,AGAATCTTGATGATGCTGCAC,1,4
127,AAGCCCTTACCCCAAAAAGCAT,182,5,C-G,19,GCA,GGA,AAGCCCTTACCCCAAAAAGGAT,1,2
127,AAGCCCTTACCCCAAAAAGTAT,248,5,T-G,19,GTA,GGA,AAGCCCTTACCCCAAAAAGGAT,1,2
128,ACCATCGACCGTTGACTGTACC,9,12,C-X,15,ACT,AXT,ACCATCGACCGTTGATGTACC,1,2
128,ACCATCGACCGTTGATTGTACC,302,12,T-X,16,TTG,TXG,ACCATCGACCGTTGATGTACC,1,2
129,ACCATCGACCGTTGATTGTACC,302,5,T-G,18,GTA,GGA,ACCATCGACCGTTGATTGGACC,1,2
129,ACCATCGACCGTTGAGTGGACC,67,5,G-T,15,AGT,ATT,ACCATCGACCGTTGATTGGACC,1,2
130,CCATCGACCGTTGAGTGGACC,16,5,X-T,0,XC,TC,TCCATCGACCGTTGAGTGGACC,1,2
130,ACCATCGACCGTTGAGTGGACC,67,5,A-T,0,AC,TC,TCCATCGACCGTTGAGTGGACC,1,2
131,CCTTATCACTTTTCCAGCCCAGC,25,5,C-T,17,GCC,GTC,CCTTATCACTTTTCCAGTCCAGC,1,2
131,CCTTATCACTTTTCCAGCCAGC,129,5,X-T,17,GXC,GTC,CCTTATCACTTTTCCAGTCCAGC,1,2
132,TGGACGGAGAACTGATAAGGGT,297,3,T-G,21,GT,GG,TGGACGGAGAACTGATAAGGGG,1,3
132,TGGACGGAGAACTGATAAGGGC,136,3,C-G,21,GC,GG,TGGACGGAGAACTGATAAGGGG,1,3
132,TGGACGGAGAACTGATAAGGG,35,3,X-G,21,GX,GG,TGGACGGAGAACTGATAAGGGG,1,3
133,GCCCAAAGGTGAATTTTTTGGG,76,7,A-X,6,AAG,AXG,GCCCAAGGTGAATTTTTTGGG,1,2
133,GCCCTAAGGTGAATTTTTTGGG,125,7,T-X,4,CTA,CXA,GCCCAAGGTGAATTTTTTGGG,1,2
134,GCCCAAAGGTGAATTTTTTGGG,76,3,G-T,19,TGG,TTG,GCCCAAAGGTGAATTTTTTTGG,1,2
134,GCCCAAAGGTGAATTTTTTGG,29,3,X-T,19,TXG,TTG,GCCCAAAGGTGAATTTTTTTGG,1,2
135,TAGGTAGTTTCATGTTGTTGGG,315,6,G-A,21,GG,GA,TAGGTAGTTTCATGTTGTTGGA,1,2
135,TAGGTAGTTTCATGTTGTTGG,61,6,X-A,21,GX,GA,TAGGTAGTTTCATGTTGTTGGA,1,2
136,CCCAGTGTTCAGACTACCTGTTC,422,4,C-T,16,ACC,ATC,CCCAGTGTTCAGACTATCTGTTC,1,2
136,CCCAGTGTTTAGACTATCTGTTC,122,4,T-C,9,TTA,TCA,CCCAGTGTTCAGACTATCTGTTC,1,2
137,TTTCCTATGCATATACTTCTTT,8,5,C-X,4,CCT,CXT,TTTCTATGCATATACTTCTTT,1,2
137,TTCCTATGCATATACTTCTTT,119,5,C-T,2,TCC,TTC,TTTCTATGCATATACTTCTTT,1,2
138,TCCTTCATTCCACCGGAGTCTG,369,3,G-T,17,AGT,ATT,TCCTTCATTCCACCGGATTCTG,1,2
138,TCCTTCATTCCACCGGATCCTG,6,3,C-T,18,TCC,TTC,TCCTTCATTCCACCGGATTCTG,1,2
139,TCCTTCATTCCACCGGAGTCTG,369,3,T-C,18,GTC,GCC,TCCTTCATTCCACCGGAGCCTG,1,2
139,TCCTTCATTCCACCGGATCCTG,6,3,T-G,17,ATC,AGC,TCCTTCATTCCACCGGAGCCTG,1,2
140,CCCTTCATTCCACCGGAATCTG,21,8,C-T,0,CC,TC,TCCTTCATTCCACCGGAATCTG,1,2
140,TCCTTCATTCCACCGGAGTCTG,369,8,G-A,17,AGT,AAT,TCCTTCATTCCACCGGAATCTG,1,2
141,TGGAATGTAAGGAAGTGTGTGG,277,2,G-C,20,TGG,TCG,TGGAATGTAAGGAAGTGTGTCG,1,2
141,TGGAATGTAAGGAAGTGTGTG,6,2,X-C,20,TXG,TCG,TGGAATGTAAGGAAGTGTGTCG,1,2
142,ATAAGACGAGCAAAAAGCTTGT,173,2,X-C,20,TXG,TCG,ATAAGACGAGCAAAAAGCTTCGT,1,2
142,ATAAGACGAGCAAAAAGCTCGT,6,2,X-T,19,TXC,TTC,ATAAGACGAGCAAAAAGCTTCGT,1,2
143,TCTACAGTGCACGTGTCTCCAGT,120,3,G-X,21,AGT,AXT,TCTACAGTGCACGTGTCTCCAT,1,2
143,TCTACAGTGCACGTGTCTCCAG,85,3,G-T,21,AG,AT,TCTACAGTGCACGTGTCTCCAT,1,2
144,CAATCAGCAAGTATACTGCCCT,113,4,C-G,0,CA,GA,GAATCAGCAAGTATACTGCCCT,1,2
144,AATCAGCAAGTATACTGCCCT,54,4,X-G,0,XA,GA,GAATCAGCAAGTATACTGCCCT,1,2
145,AATCAGCAAGTATACTGCCCT,54,3,X-G,21,TX,TG,AATCAGCAAGTATACTGCCCTG,1,2
145,AATCAGCAAGTATACTGCCCTA,49,3,A-G,21,TA,TG,AATCAGCAAGTATACTGCCCTG,1,2
146,AACATTCATTGCTGTCGGTGGGT,168,4,G-T,21,GGT,GTT,AACATTCATTGCTGTCGGTGGTT,1,2
146,AACATTCATTGCTGTCGGTGGGTT,108,4,G-X,21,GGT,GXT,AACATTCATTGCTGTCGGTGGTT,1,2
147,CTGTGCGTGTGACAGCGGCTGA,176,2,C-A,0,CT,AT,ATGTGCGTGTGACAGCGGCTGA,1,2
147,ACTGTGCGTGTGACAGCGGCTGA,7,2,C-X,1,ACT,AXT,ATGTGCGTGTGACAGCGGCTGA,1,2
148,ACAGCAGGCACAGACAGGCAGT,155,5,T-C,21,GT,GC,ACAGCAGGCACAGACAGGCAGC,1,2
148,ACAGCAGGCACAGACAGGCAG,169,5,X-C,21,GX,GC,ACAGCAGGCACAGACAGGCAGC,1,2
149,TACTGCATCAGGAACTGATTGGA,105,5,A-T,22,GA,GT,TACTGCATCAGGAACTGATTGGT,1,3
149,TACTGCATCAGGAACTGATTGGAT,67,5,A-X,22,GAT,GXT,TACTGCATCAGGAACTGATTGGT,1,3
149,TACTGCATCAGGAACTGATTGG,35,5,X-T,22,GX,GT,TACTGCATCAGGAACTGATTGGT,1,3
150,TACTGCATCAGGAACTGATTGGA,105,3,X-G,23,AX,AG,TACTGCATCAGGAACTGATTGGAG,1,2
150,TACTGCATCAGGAACTGATTGGAT,67,3,T-G,23,AT,AG,TACTGCATCAGGAACTGATTGGAG,1,2
151,AGAGTTGAGTCTGGACGTCCCG,103,3,A-T,7,GAG,GTG,AGAGTTGTGTCTGGACGTCCCG,1,2
151,AGAGTTGCGTCTGGACGTCCCG,70,3,C-T,7,GCG,GTG,AGAGTTGTGTCTGGACGTCCCG,1,2
152,AGCTACATTGTCTGCTGGGTTTC,288,2,C-G,22,TC,TG,AGCTACATTGTCTGCTGGGTTTG,1,2
152,AGCTACATTGTCTGCTGGGTTT,7,2,X-G,22,TX,TG,AGCTACATTGTCTGCTGGGTTTG,1,2
153,TGTCAGTTTGTCAAATACCCC,159,4,C-A,20,CC,CA,TGTCAGTTTGTCAAATACCCA,1,2
153,TGTCAGTTTGTCAAATACCCCA,144,4,C-X,20,CCA,CXA,TGTCAGTTTGTCAAATACCCA,1,2
154,CAGTGCAATAGTATTGTCAAAGC,175,3,A-T,19,AAA,ATA,CAGTGCAATAGTATTGTCATAGC,1,2
154,CAGTGCAATAGTATTGTCATAG,32,3,X-C,22,GX,GC,CAGTGCAATAGTATTGTCATAGC,1,2
155,ACGGGTTAGGCTCTTGGGAGCT,153,2,C-G,10,GCT,GGT,ACGGGTTAGGGTCTTGGGAGCT,1,2
155,ACGGGTTAGGTTCTTGGGAGCT,14,2,T-G,10,GTT,GGT,ACGGGTTAGGGTCTTGGGAGCT,1,2
156,GCAAAGCACACGGCCTGCAGAGA,35,5,C-A,10,ACG,AAG,GCAAAGCACAAGGCCTGCAGAGA,1,2
156,GCAAAGCACAGGGCCTGCAGAGA,98,5,G-A,10,AGG,AAG,GCAAAGCACAAGGCCTGCAGAGA,1,2
157,GCTCACTTCTCTCTCTGTCAGC,88,3,T-G,7,TTC,TGC,GCTCACTGCTCTCTCTGTCAGC,1,2
157,GCTCACTGCTCTCTCTGTCATC,19,3,T-G,20,ATC,AGC,GCTCACTGCTCTCTCTGTCAGC,1,2
158,CCTGTTCTTGATTACTTGTTTC,41,2,G-T,3,TGT,TTT,CCTTTTCTTGATTACTTGTTTC,1,2
158,CCTATTCTTGATTACTTGTTTC,39,2,A-T,3,TAT,TTT,CCTTTTCTTGATTACTTGTTTC,1,2
159,ACCTGGCATACAATGTAGATTTCTGT,69,2,T-X,21,TTC,TXC,ACCTGGCATACAATGTAGATTCTGT,1,2
159,ACCTGGCATACAATGTAGAATTCTGT,6,2,A-X,19,AAT,AXT,ACCTGGCATACAATGTAGATTCTGT,1,2
160,ATCATAGAGGAAAATCCACGT,35,4,A-T,13,AAT,ATT,ATCATAGAGGAAATTCCACGT,1,2
160,AACATAGAGGAAATTCCACGT,36,4,A-T,1,AAC,ATC,ATCATAGAGGAAATTCCACGT,1,2
161,GCGACGAGCCCCTCGCACAAACC,37,3,C-T,21,ACC,ATC,GCGACGAGCCCCTCGCACAAATC,1,2
161,GCGACGAGCCCCTCGCACAAAC,36,3,X-T,21,AXC,ATC,GCGACGAGCCCCTCGCACAAATC,1,2
162,AGCGAGGTTGCCCTTTGTATAT,44,2,X-G,22,TX,TG,AGCGAGGTTGCCCTTTGTATATG,1,2
162,AGCGAGGTTGCCCTTTGTATATT,35,2,T-G,22,TT,TG,AGCGAGGTTGCCCTTTGTATATG,1,2
163,GCTGGTCAAACGGAACCAAGTC,34,2,C-G,10,ACG,AGG,GCTGGTCAAAGGGAACCAAGTC,1,2
163,GCTGGTCAAATGGAACCAAGTC,14,2,T-G,10,ATG,AGG,GCTGGTCAAAGGGAACCAAGTC,1,2
164,AGTGGTTCTTAACAGTTCAAC,27,1,T-C,9,TTA,TCA,AGTGGTTCTCAACAGTTCAAC,1,2
164,AGTGGTTCTCAACAGTTCAACA,13,1,A-X,21,CA,CX,AGTGGTTCTCAACAGTTCAAC,1,2
165,TTGAGCCGTGCCAATATCACG,84,2,T-C,8,GTG,GCG,TTGAGCCGCGCCAATATCACG,1,2
165,TTGAGCCGCGCCAATATCACA,6,2,A-G,20,CA,CG,TTGAGCCGCGCCAATATCACG,1,2
166,GTGAAGTGTTTGGGGAAACTC,26,15,A-X,17,AAC,AXC,GTGAAGTGTTTGGGGAACTC,1,3
166,GTGAAGTGTTTGGAGGAACTC,41,15,A-X,13,GAG,GXG,GTGAAGTGTTTGGGGAACTC,1,3
166,GTGAAGTGTTTGGGGGAACTC,398,15,G-X,15,GGA,GXA,GTGAAGTGTTTGGGGAACTC,1,3
167,CTGAAGTGTTTGGGGGAACTC,195,2,G-A,7,TGT,TAT,CTGAAGTATTTGGGGGAACTC,1,2
167,ATGAAGTATTTGGGGGAACTC,16,2,A-C,0,AT,CT,CTGAAGTATTTGGGGGAACTC,1,2
168,TTCCACAGCTTTCTTGAACTG,218,5,G-C,20,TG,TC,TTCCACAGCTTTCTTGAACTC,1,2
168,TTCCACAGCTTTCTTGAACTT,142,5,T-C,20,TT,TC,TTCCACAGCTTTCTTGAACTC,1,2
169,GTTCAATAAAGCTGTGGGAAA,27,4,A-C,18,GAA,GCA,GTTCAATAAAGCTGTGGGCAA,1,2
169,GTTCAATAAAGCTGTGGGAA,51,4,X-C,18,GXA,GCA,GTTCAATAAAGCTGTGGGCAA,1,2
170,TAATACTGTCTGGTAATGCCG,19,6,X-C,21,GX,GC,TAATACTGTCTGGTAATGCCGC,1,2
170,TAATACTGTCTGGTAATGCCGT,95,6,T-C,21,GT,GC,TAATACTGTCTGGTAATGCCGC,1,2
171,ACTCTCCCTCAAGGCTTCCA,13,2,A-X,0,AC,XC,CTCTCCCTCAAGGCTTCCA,1,2
171,CTCTCCCTCAAAGGCTTCCA,10,2,A-X,11,AAG,AXG,CTCTCCCTCAAGGCTTCCA,1,2
172,CTCTAGAGGGAAGCGCTTTCTG,55,3,G-C,14,CGC,CCC,CTCTAGAGGGAAGCCCTTTCTG,1,2
172,CTCTAGAGGGAAGCACTTTCTG,29,3,A-C,14,CAC,CCC,CTCTAGAGGGAAGCCCTTTCTG,1,2
173,ATTCTGCATTTTTAGCAAGTTC,8,2,T-G,19,GTT,GGT,ATTCTGCATTTTTAGCAAGGTC,1,2
173,ATTCTGCATTTTTAGCAAGCTC,5,2,C-G,19,GCT,GGT,ATTCTGCATTTTTAGCAAGGTC,1,2
