idx,StartRead,StartReadCount,StartDegree,ErrorTye,ErrorPosition,StartErrKmer,EndErrKmer,EndRead,EndReadCount,EndDegree,predictand
0,TGGAATGTAAAGAAGTATGTA,574,6,X-C,21,AX,AC,TGGAATGTAAAGAAGTATGTAC,1,2,0.9993131
0,TGGAATGTAAAGAAGTATGTAT,302,6,T-C,21,AT,AC,TGGAATGTAAAGAAGTATGTAC,1,2,0.99927837
1,TGGAATGTAAAGAAGTATGTA,574,3,A-X,10,AAG,AXG,TGGAATGTAAGAAGTATGTA,1,2,0.99960333
1,TGGAATGTTAAGAAGTATGTA,28,3,T-X,8,TTA,TXA,TGGAATGTAAGAAGTATGTA,1,2,0.22451983
2,TATCACAGCCAGCTTTGATGTGC,466,8,T-G,18,ATG,AGG,TATCACAGCCAGCTTTGAGGTGC,1,2,0.9995148
2,TATCACAGCCAGCTTTGAGGAGC,234,8,A-T,20,GAG,GTG,TATCACAGCCAGCTTTGAGGTGC,1,2,0.9996985
3,TATCACAGCCAGCTTTGATGAGC,271,6,A-C,20,GAG,GCG,TATCACAGCCAGCTTTGATGCGC,1,3,0.9994863
3,TATCACAGCCAGCTTTGATGTGC,466,6,T-C,20,GTG,GCG,TATCACAGCCAGCTTTGATGCGC,1,3,0.99943167
3,TATCACAGCCAGCTTTGATGGGC,91,6,G-C,20,GGG,GCG,TATCACAGCCAGCTTTGATGCGC,1,3,0.9986386
4,TCACCGGGTGAAAATTCGCATG,452,1,G-T,21,TG,TT,TCACCGGGTGAAAATTCGCATT,1,2,0.9994041
4,TCACCGGGTGAAAATTCGCAAT,19,1,A-T,20,AAT,ATT,TCACCGGGTGAAAATTCGCATT,1,2,0.11441743
5,CACCCGTACATTTGTTTCCGTGCT,388,6,T-G,11,TTT,TGT,CACCCGTACATGTGTTTCCGTGCT,1,2,0.99964905
5,CACCCGTACATATGTTTCCGTGCT,450,6,A-G,11,TAT,TGT,CACCCGTACATGTGTTTCCGTGCT,1,2,0.9995808
6,AGGCAAGATGCTGGCATAGCT,251,2,A-X,0,AG,XG,GGCAAGATGCTGGCATAGCT,1,2,0.99934417
6,GGCAAGATGCTGGCATAGCTG,66,2,G-X,20,TG,TX,GGCAAGATGCTGGCATAGCT,1,2,0.5178109
7,TGAGGTAGGAGGTTGTATAGTT,371,3,T-G,21,TT,TG,TGAGGTAGGAGGTTGTATAGTG,1,2,0.9994436
7,TGAGGTAGGAGGTTGTATAGT,6,3,X-G,21,TX,TG,TGAGGTAGGAGGTTGTATAGTG,1,2,0.00033571958
8,TGAGGTAGTAGTTTGTACAGTT,269,4,A-G,9,TAG,TGG,TGAGGTAGTGGTTTGTACAGTT,1,2,0.999571
8,TGAGGTAGTTGTTTGTACAGTT,9,4,T-G,9,TTG,TGG,TGAGGTAGTGGTTTGTACAGTT,1,2,0.015866457
9,TGAGGTAGTAGGTTGTATAGTT,545,8,G-A,10,AGG,AAG,TGAGGTAGTAAGTTGTATAGTT,1,2,0.9996916
9,TGAGGTAGTAAGTTGTATTGTT,395,8,T-A,18,TTG,TAG,TGAGGTAGTAAGTTGTATAGTT,1,2,0.9994029
10,TGAGGTAGTAGATTGTATAGTT,430,6,X-T,11,GXA,GTA,TGAGGTAGTAGTATTGTATAGTT,1,2,0.99919516
10,TGAGGTAGTAGTTTGTATAGTT,32,6,X-A,12,TXT,TAT,TGAGGTAGTAGTATTGTATAGTT,1,2,0.25808203
11,TGAGGTAGTAGGTTGTGTGGTT,455,14,G-C,16,TGT,TCT,TGAGGTAGTAGGTTGTCTGGTT,1,2,0.9994253
11,TGAGGTAGTAGGTTGTATGGTT,439,14,A-C,16,TAT,TCT,TGAGGTAGTAGGTTGTCTGGTT,1,2,0.99948263
12,TGAGGTAGTAGGTTGTATGGTT,439,6,T-X,21,TT,TX,TGAGGTAGTAGGTTGTATGGT,1,2,0.9993641
12,TGAGGTAGTAGGTTGTATAGT,108,6,A-G,18,TAG,TGG,TGAGGTAGTAGGTTGTATGGT,1,2,0.994414
13,TGAGGTAGTAGATTGTATAGTT,430,3,T-G,15,GTA,GGA,TGAGGTAGTAGATTGGATAGTT,1,2,0.9996666
13,TGAGGTAGTAGATTGAATAGTT,52,3,A-G,15,GAA,GGA,TGAGGTAGTAGATTGGATAGTT,1,2,0.99534804
14,TGAGGTAGTAGGTTGTTTAGTT,8,6,T-X,21,TT,TX,TGAGGTAGTAGGTTGTTTAGT,1,2,0.0002132213
14,TGAGGTAGTAGGTTGTATAGT,108,6,A-T,16,TAT,TTT,TGAGGTAGTAGGTTGTTTAGT,1,2,0.9953146
15,TGAGGTAGTAGGTTGTATAGTT,545,14,A-C,18,TAG,TCG,TGAGGTAGTAGGTTGTATCGTT,1,2,0.99953604
15,TGAGGTAGTAGGTTGTATGGTT,439,14,G-C,18,TGG,TCG,TGAGGTAGTAGGTTGTATCGTT,1,2,0.9994273
16,TGAGGTAGTAGGTTGTATAGTT,545,3,X-T,16,TXA,TTA,TGAGGTAGTAGGTTGTTATAGTT,1,2,0.99957675
16,TGAGGTAGTAGGTTGTTTAGTT,8,3,X-A,17,TXT,TAT,TGAGGTAGTAGGTTGTTATAGTT,1,2,0.00018234365
17,CTATACAATCTACTGTCTTTC,297,6,T-C,19,TTC,TCC,CTATACAATCTACTGTCTTCC,1,2,0.9996202
17,CTATACAATCTACTGTCTTTCC,225,6,T-X,19,TTC,TXC,CTATACAATCTACTGTCTTCC,1,2,0.99940765
18,CTATACAGTCTACTGTCTTTC,89,9,X-G,21,CX,CG,CTATACAGTCTACTGTCTTTCG,1,2,0.9805586
18,CTATACAGTCTACTGTCTTTCC,280,9,C-G,21,CC,CG,CTATACAGTCTACTGTCTTTCG,1,2,0.99979275
19,CTGTACAGCCTCCTAGCTTTCC,332,12,C-T,11,TCC,TTC,CTGTACAGCCTTCTAGCTTTCC,1,2,0.999678
19,CTGTACAACCTTCTAGCTTTCC,428,12,A-G,7,AAC,AGC,CTGTACAGCCTTCTAGCTTTCC,1,2,0.99980134
20,TAGCAGCACATAATGGTTTGTT,7,3,T-A,21,TT,TA,TAGCAGCACATAATGGTTTGTA,1,4,0.0005754215
20,TAGCAGCACATCATGGTTTGTA,21,3,C-A,11,TCA,TAA,TAGCAGCACATAATGGTTTGTA,1,4,0.9089381
20,TAGCAGCACATAATGGTTTGTG,436,3,G-A,21,TG,TA,TAGCAGCACATAATGGTTTGTA,1,4,0.9997131
20,TAGCAGCACATAATGGTTTGT,29,3,X-A,21,TX,TA,TAGCAGCACATAATGGTTTGTA,1,4,0.09720792
21,CAGGCCATATTGTGCTGCCTCA,281,3,X-C,10,TXT,TCT,CAGGCCATATCTGTGCTGCCTCA,1,2,0.9991573
21,CAGGCCATACTGTGCTGCCTCA,56,3,X-T,9,AXC,ATC,CAGGCCATATCTGTGCTGCCTCA,1,2,0.094121136
22,CAAAGTGCTTACAGTGCAGGTAGT,141,5,T-C,9,TTA,TCA,CAAAGTGCTCACAGTGCAGGTAGT,1,2,0.9993917
22,CAAAGTGCTCACAGTGCAGGTAG,15,5,X-T,23,GX,GT,CAAAGTGCTCACAGTGCAGGTAGT,1,2,0.0012948705
23,TAAGGTGCATCTAGTGCAGATA,175,2,C-A,10,TCT,TAT,TAAGGTGCATATAGTGCAGATA,1,2,0.99932086
23,TAAGGTGCATTTAGTGCAGATA,15,2,T-A,10,TTT,TAT,TAAGGTGCATATAGTGCAGATA,1,2,0.048797164
24,ACTGCCCTAAGTGCTCCTTCTG,80,6,X-A,22,GX,GA,ACTGCCCTAAGTGCTCCTTCTGA,1,2,0.27278915
24,ACTGCCCTAAGTGCTCCTTCTGG,268,6,G-A,22,GG,GA,ACTGCCCTAAGTGCTCCTTCTGA,1,2,0.9995915
25,ACTGCCCTAAGTGCTCCTTCTG,80,6,X-C,21,TXG,TCG,ACTGCCCTAAGTGCTCCTTCTCG,1,2,0.5693595
25,ACTGCCCTAAGTGCTCCTTCTGG,268,6,G-C,21,TGG,TCG,ACTGCCCTAAGTGCTCCTTCTCG,1,2,0.9995096
26,TGTGCAAATCTATGCAAAACTGA,522,3,T-C,8,ATC,ACC,TGTGCAAACCTATGCAAAACTGA,1,2,0.99964416
26,TGTGCAAACCCATGCAAAACTGA,14,3,C-T,10,CCA,CTA,TGTGCAAACCTATGCAAAACTGA,1,2,0.26492953
27,AGTTTTGCAGGTTTGCATCCAG,34,10,X-T,22,GX,GT,AGTTTTGCAGGTTTGCATCCAGT,1,2,0.39159036
27,AGTTTTGCAGGTTTGCATCCAGC,331,10,C-T,22,GC,GT,AGTTTTGCAGGTTTGCATCCAGT,1,2,0.99960047
28,ACTGCATTACGAGCACTTAAAG,56,2,G-X,21,AG,AX,ACTGCATTACGAGCACTTAAA,1,2,0.06678637
28,ACTGCATTACGAGCACTTACA,47,2,C-A,19,ACA,AAA,ACTGCATTACGAGCACTTAAA,1,2,0.99274945
29,AGTTCTTCAGTGGCAAGCTTTA,354,2,T-X,20,TTA,TXA,AGTTCTTCAGTGGCAAGCTTA,1,2,0.99946195
29,AGTTCTTCAGTGGCAAGCTTT,7,2,T-A,20,TT,TA,AGTTCTTCAGTGGCAAGCTTA,1,2,0.0009823495
30,AAGCTGCCAGTTGAAGAACTGC,6,3,C-G,21,GC,GG,AAGCTGCCAGTTGAAGAACTGG,1,3,0.0018129246
30,AAGCTGCCAGTTGAAGAACTGT,447,3,T-G,21,GT,GG,AAGCTGCCAGTTGAAGAACTGG,1,3,0.9994698
30,AAGCTGCCAGTTGAAGAACTG,7,3,X-G,21,GX,GG,AAGCTGCCAGTTGAAGAACTGG,1,3,0.00017121853
31,GGTTCCTGGGGATGGGATTT,16,5,X-G,2,GXT,GGT,GGGTTCCTGGGGATGGGATTT,1,2,0.0030741463
31,GGGGTTCCTGGGGATGGGATTT,346,5,G-X,3,GGT,GXT,GGGTTCCTGGGGATGGGATTT,1,2,0.9993974
32,ATCACATTGCCAGGGATTACCA,33,4,A-C,18,TAC,TCC,ATCACATTGCCAGGGATTCCCA,1,2,0.98335546
32,ATCACATTGCCAGGGATTTCCA,38,4,T-C,18,TTC,TCC,ATCACATTGCCAGGGATTCCCA,1,2,0.97113276
33,TGCCTACTGAGCTGATATCAGT,255,3,G-A,10,AGC,AAC,TGCCTACTGAACTGATATCAGT,1,2,0.99973696
33,GTGCCTACTGAACTGATATCAGT,6,3,G-X,0,GT,XT,TGCCTACTGAACTGATATCAGT,1,2,0.00079071923
34,GTGCCTACTGAGCTGATATCAG,32,5,X-G,22,GX,GG,GTGCCTACTGAGCTGATATCAGG,1,2,0.8652355
34,GTGCCTACTGAGCTGATATCAGT,192,5,T-G,22,GT,GG,GTGCCTACTGAGCTGATATCAGG,1,2,0.9993174
35,TGGCTCAGTTCAGCAGGACAG,7,16,X-G,17,GXA,GGA,TGGCTCAGTTCAGCAGGGACAG,1,2,0.0010299472
35,TGGCTCAGTTCAGCAGGAACAG,552,16,A-G,17,GAA,GGA,TGGCTCAGTTCAGCAGGGACAG,1,2,0.99946946
36,CCTATTCTTGGTTACTTGCACG,317,3,X-G,22,GX,GG,CCTATTCTTGGTTACTTGCACGG,1,2,0.9991503
36,CCTATTCTTGGTTACTTGCACTG,23,3,T-G,21,CTG,CGG,CCTATTCTTGGTTACTTGCACGG,1,2,0.7026251
37,CCTATTCTTGGTTACTTGCAC,34,9,X-T,21,CX,CT,CCTATTCTTGGTTACTTGCACT,1,3,0.036193416
37,CCTATTCTTGGTTACTTGCACTG,23,9,G-X,22,TG,TX,CCTATTCTTGGTTACTTGCACT,1,3,0.015174157
37,CCTATTCTTGGTTACTTGCACG,317,9,G-T,21,CG,CT,CCTATTCTTGGTTACTTGCACT,1,3,0.99962234
38,TTCACAGTGGCTAAGTTCTGC,321,2,G-A,19,TGC,TAC,TTCACAGTGGCTAAGTTCTAC,1,2,0.9996414
38,TTCACAGTGGCTAAGTTCCAC,7,2,C-T,18,CCA,CTA,TTCACAGTGGCTAAGTTCTAC,1,2,0.006267431
39,TTCACAGTGGCTAAGTTCTGC,321,3,C-A,20,GC,GA,TTCACAGTGGCTAAGTTCTGA,1,2,0.9994974
39,TTCACAGTGGCTAAGTTCTGCA,32,3,C-X,20,GCA,GXA,TTCACAGTGGCTAAGTTCTGA,1,2,0.90488607
40,TTCACAGTGGCTAAGTTCTTCA,14,17,A-X,21,CA,CX,TTCACAGTGGCTAAGTTCTTC,1,2,0.0053163036
40,TTCACAGTGGCTAAGTTCTGC,321,17,G-T,19,TGC,TTC,TTCACAGTGGCTAAGTTCTTC,1,2,0.99952507
41,CACTAGATTGTGAGCTCCTGGA,306,2,C-A,16,TCC,TAC,CACTAGATTGTGAGCTACTGGA,1,2,0.9995479
41,CACTAGATTGTGAGCTGCTGGA,43,2,G-A,16,TGC,TAC,CACTAGATTGTGAGCTACTGGA,1,2,0.98456675
42,TAGCACCATTTGAAATCGGT,27,5,G-T,17,CGG,CTG,TAGCACCATTTGAAATCTGT,1,2,0.6473526
42,TAGCACCATTTGAAATCAGT,91,5,A-T,17,CAG,CTG,TAGCACCATTTGAAATCTGT,1,2,0.99921787
43,TGTAAACATCCTCGACTGGAAG,550,3,T-X,11,CTC,CXC,TGTAAACATCCCGACTGGAAG,1,3,0.9995995
43,TGTAAACATCCCCGACTGGAAG,307,3,C-X,12,CCG,CXG,TGTAAACATCCCGACTGGAAG,1,3,0.9994134
43,TGTAAACATTCCCGACTGGAAG,13,3,T-X,9,TTC,TXC,TGTAAACATCCCGACTGGAAG,1,3,0.20250832
44,TGTAAACATCCTTGACTGGAAG,206,9,T-C,11,CTT,CCT,TGTAAACATCCCTGACTGGAAG,1,2,0.99973875
44,TGTAAACATCCCCGACTGGAAG,307,9,C-T,12,CCG,CTG,TGTAAACATCCCTGACTGGAAG,1,2,0.99949694
45,TGTAAACATCCTCGACTGGAAG,550,9,T-G,11,CTC,CGC,TGTAAACATCCGCGACTGGAAG,1,2,0.9994143
45,TGTAAACATCCCCGACTGGAAG,307,9,C-G,11,CCC,CGC,TGTAAACATCCGCGACTGGAAG,1,2,0.9995401
46,TGTAAACATCCTCGACTGGAAG,550,6,C-A,12,TCG,TAG,TGTAAACATCCTAGACTGGAAG,1,2,0.99956244
46,TGTAAACATCCTTGACTGGAAG,206,6,T-A,12,TTG,TAG,TGTAAACATCCTAGACTGGAAG,1,2,0.9994229
47,CAATGTTTCCACAGTGCATCAC,282,3,C-G,21,AC,AG,CAATGTTTCCACAGTGCATCAG,2,2,0.99963486
47,CAATGTTTCCACAGTGCATCA,32,3,X-G,21,AX,AG,CAATGTTTCCACAGTGCATCAG,2,2,0.78822935
48,ACTGCTGAGCTAGCACTTCCCG,297,3,C-G,20,CCG,CGG,ACTGCTGAGCTAGCACTTCCGG,2,2,0.99975055
48,ACTGCTGAGCTAGCACTTCCAG,6,3,A-G,20,CAG,CGG,ACTGCTGAGCTAGCACTTCCGG,2,2,0.006195265
49,ACTGCTGAGCTAGCACTTCCAG,6,3,X-A,22,GX,GA,ACTGCTGAGCTAGCACTTCCAGA,1,2,0.00020396769
49,ACTGCTGAGCTAGCACTTCCCGA,30,3,C-A,20,CCG,CAG,ACTGCTGAGCTAGCACTTCCAGA,1,2,0.99205774
50,TTTGGCACTAGCACATTTTTGCT,364,3,T-C,22,CT,CC,TTTGGCACTAGCACATTTTTGCC,1,2,0.99960107
50,TTTGGCACTAGCACATTTTTGC,59,3,X-C,22,CX,CC,TTTGGCACTAGCACATTTTTGCC,1,2,0.5990041
51,CTATACAACTTACTACTTTCCC,229,4,C-G,21,CC,CG,CTATACAACTTACTACTTTCCG,1,3,0.9996221
51,CTATACAACTTACTACTTTCCT,52,4,T-G,21,CT,CG,CTATACAACTTACTACTTTCCG,1,3,0.9932233
51,CTATACAACTTACTACTTTCC,32,4,X-G,21,CX,CG,CTATACAACTTACTACTTTCCG,1,3,0.07775326
52,CTATACAACTTACTACTTTCCC,229,4,C-T,19,TCC,TTC,CTATACAACTTACTACTTTTCC,1,2,0.9994111
52,CTATACAACTTACTACTTTCC,32,4,X-T,19,TXC,TTC,CTATACAACTTACTACTTTTCC,1,2,0.28434962
53,AACCCGTAGATCCGAACTTGTG,472,5,G-C,8,AGA,ACA,AACCCGTACATCCGAACTTGTG,1,2,0.99944097
53,AACCCGTAAATCCGAACTTGTG,82,5,A-C,8,AAA,ACA,AACCCGTACATCCGAACTTGTG,1,2,0.9912424
54,AACCCGTAGATCCGAACTTGTG,472,19,A-X,15,AAC,AXC,AACCCGTAGATCCGACTTGTG,1,2,0.99957556
54,AACCCGTAGATCCGATCTTGTG,555,19,T-X,15,ATC,AXC,AACCCGTAGATCCGACTTGTG,1,2,0.99960464
55,CAAGCTCGCTTCTATGGGTCTG,232,2,A-X,2,AAG,AXG,CAGCTCGCTTCTATGGGTCTG,1,2,0.99936384
55,AAGCTCGCTTCTATGGGTCTG,11,2,A-C,0,AA,CA,CAGCTCGCTTCTATGGGTCTG,1,2,0.8444487
56,TACAGTACTGTGATAACTGAA,435,2,A-X,15,AAC,AXC,TACAGTACTGTGATACTGAA,1,2,0.9993875
56,TACAGTACTGTGATAGCTGAA,47,2,G-X,15,AGC,AXC,TACAGTACTGTGATACTGAA,1,2,0.64756185
57,TACAGTACTGTGATAACTGAAG,131,15,A-X,20,AAG,AXG,TACAGTACTGTGATAACTGAG,2,2,0.9993092
57,TACAGTACTGTGATAACTGAA,435,15,A-G,20,AA,AG,TACAGTACTGTGATAACTGAG,2,2,0.99950993
58,GCTGGTTTCATATGGTGGTTTAGA,231,1,A-X,21,TAG,TXG,GCTGGTTTCATATGGTGGTTTGA,1,2,0.99963534
58,GCTGGTTTCATATGGTGGTTTA,189,1,X-G,21,TXA,TGA,GCTGGTTTCATATGGTGGTTTGA,1,2,0.99875236
59,TAGCACCATTTGAAATCAGTGT,38,8,X-G,21,GXT,GGT,TAGCACCATTTGAAATCAGTGGT,1,2,0.21505749
59,TAGCACCATTTGAAATCAGTGTT,491,8,T-G,21,GTT,GGT,TAGCACCATTTGAAATCAGTGGT,1,2,0.9995994
60,TAGCACCATTTGAAATCAGTGT,38,1,X-C,22,TX,TC,TAGCACCATTTGAAATCAGTGTC,1,3,0.057969194
60,TAGCACCATTTGAAATCAGTGTT,491,1,T-C,22,TT,TC,TAGCACCATTTGAAATCAGTGTC,1,3,0.9995134
60,TAGCACCATATGAAATCAGTGTC,7,1,A-T,9,TAT,TTT,TAGCACCATTTGAAATCAGTGTC,1,3,0.0016366272
61,AGCTTCTTTACAGTGCTGCCTTG,301,10,A-C,0,AG,CG,CGCTTCTTTACAGTGCTGCCTTG,1,2,0.99947006
61,GGCTTCTTTACAGTGCTGCCTTG,271,10,G-C,0,GG,CG,CGCTTCTTTACAGTGCTGCCTTG,1,2,0.9994042
62,AGCAGCATTGTACAGGGCTATCA,434,3,A-T,22,CA,CT,AGCAGCATTGTACAGGGCTATCT,1,2,0.99974614
62,AGCAGCATTGTACAGGGCTATC,7,3,X-T,22,CX,CT,AGCAGCATTGTACAGGGCTATCT,1,2,0.00017491319
63,AGCAGCATTGTACAGGGCTATC,7,11,X-G,22,CX,CG,AGCAGCATTGTACAGGGCTATCG,1,2,0.00016816796
63,AGCAGCATTGTACAGGGCTATCA,434,11,A-G,22,CA,CG,AGCAGCATTGTACAGGGCTATCG,1,2,0.99948716
64,CCAATATTACTGTGCTGCTTTA,216,1,C-T,9,ACT,ATT,CCAATATTATTGTGCTGCTTTA,1,2,0.99943763
64,CCAATATTATTGTGCTGCTTAA,22,1,A-T,20,TAA,TTA,CCAATATTATTGTGCTGCTTTA,1,2,0.3331159
65,TGGAAGACTAGTGATTTTGTTGTT,133,2,T-X,20,TTG,TXG,TGGAAGACTAGTGATTTTGTGTT,1,2,0.9993942
65,TGGAAGACTAGTGATTTTTGTT,21,2,X-G,18,TXT,TGT,TGGAAGACTAGTGATTTTGTGTT,1,2,0.0067088027
66,TATCACAGCCATTTTGACGAGT,229,7,C-G,17,ACG,AGG,TATCACAGCCATTTTGAGGAGT,1,2,0.99966335
66,TATCACAGCCATTTTGATGAGT,216,7,T-G,17,ATG,AGG,TATCACAGCCATTTTGAGGAGT,1,2,0.99952865
67,TATCACAGCCATTTTGATGAGT,216,3,T-C,21,GT,GC,TATCACAGCCATTTTGATGAGC,1,2,0.99970585
67,TATCACAGCCATTTTGATGAG,5,3,X-C,21,GX,GC,TATCACAGCCATTTTGATGAGC,1,2,0.9283191
68,CTGCGCAAGCTACTGCCTTGCT,310,2,C-A,0,CT,AT,ATGCGCAAGCTACTGCCTTGCT,1,2,0.9995546
68,TGCGCAAGCTACTGCCTTGCT,6,2,X-A,0,XT,AT,ATGCGCAAGCTACTGCCTTGCT,1,2,0.00021266702
69,ACATACTTCTTTATATGCCCATA,207,3,A-G,14,TAT,TGT,ACATACTTCTTTATGTGCCCATA,1,2,0.99931943
69,ACATACTTCTTTATGTACCCATA,73,3,A-G,16,TAC,TGC,ACATACTTCTTTATGTGCCCATA,1,2,0.99650407
70,ACATACTTCTTCATATGCCCATA,22,11,C-G,11,TCA,TGA,ACATACTTCTTGATATGCCCATA,1,2,0.60271287
70,ACATACTTCTTTATATGCCCATA,207,11,T-G,11,TTA,TGA,ACATACTTCTTGATATGCCCATA,1,2,0.99954754
71,TGTAAACATCCTACACTCAGCT,354,2,X-T,15,AXC,ATC,TGTAAACATCCTACATCTCAGCT,1,2,0.99937326
71,TGTAAACATCCTACACTCTCAGCT,23,2,C-X,15,ACT,AXT,TGTAAACATCCTACATCTCAGCT,1,2,0.19284207
72,TAAGGCACGCGGTGAATGCC,209,8,C-A,19,CC,CA,TAAGGCACGCGGTGAATGCA,1,2,0.9994498
72,TAAGGCACGCGGTGAATGCCA,180,8,C-X,19,CCA,CXA,TAAGGCACGCGGTGAATGCA,1,2,0.9995078
73,TAAGGCACGCGGTGAATGCCA,180,3,X-T,20,CXA,CTA,TAAGGCACGCGGTGAATGCCTA,1,2,0.99916255
73,TAAGGCACGCGGTGAATGCCAA,103,3,A-T,20,CAA,CTA,TAAGGCACGCGGTGAATGCCTA,1,2,0.9986118
74,TCCCTGAGACCCTTAACCTGTG,38,7,X-A,22,GX,GA,TCCCTGAGACCCTTAACCTGTGA,2,2,0.041256677
74,TCCCTGAGACCCTTTAACCTGTGA,274,7,T-X,14,TTA,TXA,TCCCTGAGACCCTTAACCTGTGA,2,2,0.99960214
75,TCGTACCGTGAGTAATAATGCG,273,2,C-X,1,TCG,TXG,TGTACCGTGAGTAATAATGCG,1,2,0.99952054
75,CGTACCGTGAGTAATAATGCG,7,2,C-T,0,CG,TG,TGTACCGTGAGTAATAATGCG,1,2,0.0009766923
76,TCGGATCCGTCTGAGCTTGGCT,355,2,X-C,0,XT,CT,CTCGGATCCGTCTGAGCTTGGCT,1,2,0.99915385
76,ATCGGATCCGTCTGAGCTTGGCT,18,2,A-C,0,AT,CT,CTCGGATCCGTCTGAGCTTGGCT,1,2,0.056433573
77,GCTGGTAAAATGGAACCAAAT,170,5,X-C,0,XG,CG,CGCTGGTAAAATGGAACCAAAT,1,2,0.999138
77,AGCTGGTAAAATGGAACCAAAT,120,5,A-C,0,AG,CG,CGCTGGTAAAATGGAACCAAAT,1,2,0.9985512
78,TTTGGTCCCCTTCAACCAGCTG,310,6,T-A,2,TTG,TAG,TTAGGTCCCCTTCAACCAGCTG,1,2,0.999705
78,TTGGTCCCCTTCAACCAGCTG,25,6,X-A,2,TXG,TAG,TTAGGTCCCCTTCAACCAGCTG,1,2,0.05362198
79,TTGGTCCCCTTCAACCAGCTA,28,4,A-C,20,TA,TC,TTGGTCCCCTTCAACCAGCTC,1,3,0.9355594
79,TTGGTCCCCTTCAACCAGCTG,25,4,G-C,20,TG,TC,TTGGTCCCCTTCAACCAGCTC,1,3,0.5825007
79,TTGGTCCCCTTCAACCAGCTGC,29,4,G-X,20,TGC,TXC,TTGGTCCCCTTCAACCAGCTC,1,3,0.3069036
80,TATGGCTTTTTATTCCTATGTGA,400,4,X-C,11,TXA,TCA,TATGGCTTTTTCATTCCTATGTGA,1,2,0.9994617
80,TATGGCTTTTCATTCCTATGTGA,128,4,X-T,10,TXC,TTC,TATGGCTTTTTCATTCCTATGTGA,1,2,0.99428815
81,TATGGCTTTTTATTCCTATGTGA,400,3,A-X,22,GA,GX,TATGGCTTTTTATTCCTATGTG,1,4,0.9995664
81,TATGGCTTTCTATTCCTATGTG,32,3,C-T,9,TCT,TTT,TATGGCTTTTTATTCCTATGTG,1,4,0.9813203
81,TATGGCTTTTTATTCCTATCTG,26,3,C-G,19,TCT,TGT,TATGGCTTTTTATTCCTATGTG,1,4,0.6630599
81,TATGGCTTTTCATTCCTATGTG,6,3,C-T,10,TCA,TTA,TATGGCTTTTTATTCCTATGTG,1,4,0.0025628728
82,TATGGCTTTTTATTCCTATGTGA,400,4,T-A,10,TTA,TAA,TATGGCTTTTAATTCCTATGTGA,2,2,0.9995722
82,TATGGCTTTTCATTCCTATGTGA,128,4,C-A,10,TCA,TAA,TATGGCTTTTAATTCCTATGTGA,2,2,0.9980294
83,TATGGCTTTTTATTCCTATCTG,26,3,T-C,10,TTA,TCA,TATGGCTTTTCATTCCTATCTG,1,2,0.9609915
83,TATGGCTTTTCATTCCTATGTG,6,3,G-C,19,TGT,TCT,TATGGCTTTTCATTCCTATCTG,1,2,0.002911781
84,GCTATTTCACGACACCAGGGT,192,3,G-X,10,CGA,CXA,GCTATTTCACACACCAGGGT,1,2,0.99960726
84,GCTATTTCACAACACCAGGGT,14,3,A-X,11,AAC,AXC,GCTATTTCACACACCAGGGT,1,2,0.07908003
85,GCTATTTCACGACACCAGGGT,192,3,G-C,10,CGA,CCA,GCTATTTCACCACACCAGGGT,1,2,0.99951315
85,GCTATTTCACAACACCAGGGT,14,3,A-C,10,CAA,CCA,GCTATTTCACCACACCAGGGT,1,2,0.022057593
86,TACCACAGGGTAGAACCACGGA,6,7,G-X,20,GGA,GXA,TACCACAGGGTAGAACCACGA,1,2,0.007636975
86,TACCACAGGGTAGAACCACGG,284,7,G-A,20,GG,GA,TACCACAGGGTAGAACCACGA,1,2,0.9995523
87,AGGGAGGGACGGGGGCTGTGC,66,2,X-G,0,XA,GA,GAGGGAGGGACGGGGGCTGTGC,1,2,0.16320862
87,GAGGGAGGGACGGGGGCGGTGC,159,2,G-T,17,CGG,CTG,GAGGGAGGGACGGGGGCTGTGC,1,2,0.9994875
88,CTAGACTGAGGCTCCTTGAGG,200,2,G-T,9,AGG,ATG,CTAGACTGATGCTCCTTGAGG,1,2,0.9995468
88,CTAGACTGAAGCTCCTTGAGG,43,2,A-T,9,AAG,ATG,CTAGACTGATGCTCCTTGAGG,1,2,0.9605753
89,TTGCATAGTCACAAAAGTGATC,295,3,G-C,16,AGT,ACT,TTGCATAGTCACAAAACTGATC,1,2,0.9994037
89,TTGCATAGTCACAAAAATGATC,14,3,A-C,16,AAT,ACT,TTGCATAGTCACAAAACTGATC,1,2,0.11605025
90,TGACAGAAGAGAGTGAGCAC,1752,4,T-X,13,GTG,GXG,TGACAGAAGAGAGGAGCAC,1,3,0.9995227
90,TGACAGAAGAGAGCGAGCAC,30,4,C-X,13,GCG,GXG,TGACAGAAGAGAGGAGCAC,1,3,0.11853339
90,TGACAGAAGAGAGGGAGCAC,12,4,G-X,14,GGA,GXA,TGACAGAAGAGAGGAGCAC,1,3,0.010976413
91,TGACAGAAGAGAGTGAGCAC,1752,4,X-C,14,TXG,TCG,TGACAGAAGAGAGTCGAGCAC,1,2,0.99945956
91,TGACAGAAGAGAGCGAGCAC,30,4,X-T,13,GXC,GTC,TGACAGAAGAGAGTCGAGCAC,1,2,0.021596136
92,TGACAGAAGAGAGTGAGCAC,1752,2,T-A,0,TG,AG,AGACAGAAGAGAGTGAGCAC,2,2,0.99951303
92,CGACAGAAGAGAGTGAGCAC,26,2,C-A,0,CG,AG,AGACAGAAGAGAGTGAGCAC,2,2,0.33648112
93,TTGACAGAAGATAGAGAGCAC,560,3,A-C,16,GAG,GCG,TTGACAGAAGATAGAGCGCAC,1,2,0.9995839
93,TTGACAGAAGATAGAGGGCAC,6,3,G-C,16,GGG,GCG,TTGACAGAAGATAGAGCGCAC,1,2,0.0016144565
94,TGACAGAAGATAGAGAGCAC,149,2,T-C,10,ATA,ACA,TGACAGAAGACAGAGAGCAC,1,2,0.999595
94,TGACAGAAGAAAGAGAGCAC,26,2,A-C,10,AAA,ACA,TGACAGAAGACAGAGAGCAC,1,2,0.2787699
95,TTGACAGAAGATAGAGAGCAC,560,3,A-T,16,GAG,GTG,TTGACAGAAGATAGAGTGCAC,1,2,0.99959606
95,TTGACAGAAGATAGAGGGCAC,6,3,G-T,16,GGG,GTG,TTGACAGAAGATAGAGTGCAC,1,2,0.0022373418
96,TTTGGATTGAAGGGAGCTCTA,185,5,X-G,20,TXA,TGA,TTTGGATTGAAGGGAGCTCTGA,1,2,0.9986168
96,TTTGGATTGAAGGGAGCTCTG,143,5,X-A,21,GX,GA,TTTGGATTGAAGGGAGCTCTGA,1,2,0.9986658
97,ATTGGATTGAAGGGAGCTCCG,24,3,A-C,0,AT,CT,CTTGGATTGAAGGGAGCTCCG,1,3,0.29785553
97,CTTGGATTGAAGGGAGCTCCT,74,3,T-G,20,CT,CG,CTTGGATTGAAGGGAGCTCCG,1,3,0.9853549
97,CTTGGATTGAAGGGAGCTCCC,6,3,C-G,20,CC,CG,CTTGGATTGAAGGGAGCTCCG,1,3,0.0010620469
98,TTGGACTGAAGGGAGCTCCC,103,4,X-T,2,TXG,TTG,TTTGGACTGAAGGGAGCTCCC,1,2,0.997556
98,CTTGGACTGAAGGGAGCTCCC,24,4,C-T,0,CT,TT,TTTGGACTGAAGGGAGCTCCC,1,2,0.375723
99,TGCCTGGCTCCCTGAATGCCA,57,22,X-T,14,GXA,GTA,TGCCTGGCTCCCTGTAATGCCA,1,2,0.48511833
99,TGCCTGGCTCCCTGTATGCCA,895,22,X-A,16,AXT,AAT,TGCCTGGCTCCCTGTAATGCCA,1,2,0.9991673
100,TGCCTGGCTCCCTGTATGCCA,895,2,A-C,20,CA,CC,TGCCTGGCTCCCTGTATGCCC,1,2,0.9993364
100,TGCCTGGCTCCCTGTATGCCG,40,2,G-C,20,CG,CC,TGCCTGGCTCCCTGTATGCCC,1,2,0.50116396
101,TCGATAAACCTCTGCATCCAG,373,2,A-C,7,AAC,ACC,TCGATAACCCTCTGCATCCAG,1,2,0.999488
101,TCGATAAGCCTCTGCATCCAG,25,2,G-C,7,AGC,ACC,TCGATAACCCTCTGCATCCAG,1,2,0.38802487
102,TGGAGAAGCAGGGCACGTGAG,24,4,G-T,20,AG,AT,TGGAGAAGCAGGGCACGTGAT,1,2,0.24069434
102,TGGAGAAGCAGGGCACGTGCT,42,4,C-A,19,GCT,GAT,TGGAGAAGCAGGGCACGTGAT,1,2,0.8937725
103,TGGAGAAGCAGGGCACGTGCG,26,18,X-A,21,GX,GA,TGGAGAAGCAGGGCACGTGCGA,1,2,0.014442142
103,TGGAGAAGCAGGGCACGTGCA,563,18,X-G,20,CXA,CGA,TGGAGAAGCAGGGCACGTGCGA,1,2,0.9992605
104,GGTTTGTTGTCTGGCTCGAGG,24,9,T-A,3,TTT,TAT,GGTATGTTGTCTGGCTCGAGG,1,2,0.4500555
104,GGAATGTTGTCTGGCTCGAGG,82,9,A-T,2,GAA,GTA,GGTATGTTGTCTGGCTCGAGG,1,2,0.99601066
105,GGAATGTTGTCTGGCTCGAGG,82,4,T-G,15,CTC,CGC,GGAATGTTGTCTGGCGCGAGG,1,2,0.99711585
105,GGAATGTTGTCTGGCACGAGG,138,4,A-G,15,CAC,CGC,GGAATGTTGTCTGGCGCGAGG,1,2,0.99949825
106,GGAATGTTGTCTGGATCGAGG,140,2,T-G,9,GTC,GGC,GGAATGTTGGCTGGATCGAGG,1,2,0.9995233
106,GGAATGTTGGCTGGCTCGAGG,45,2,C-A,14,GCT,GAT,GGAATGTTGGCTGGATCGAGG,1,2,0.8231322
107,GGAATGTTGTCTGGATCGAGG,140,4,A-C,3,AAT,ACT,GGACTGTTGTCTGGATCGAGG,1,2,0.99949825
107,GGACTGTTGTCTGGCTCGAGG,281,4,C-A,14,GCT,GAT,GGACTGTTGTCTGGATCGAGG,1,2,0.9995121
108,TCGGACCAGGCTTCATCCCCC,278,31,C-A,16,TCC,TAC,TCGGACCAGGCTTCATACCCC,1,2,0.99954885
108,TCGGACCAGGCTTCATTCCCC,1469,31,T-A,16,TTC,TAC,TCGGACCAGGCTTCATACCCC,1,2,0.9997079
109,TCGGACCAGGCTTCATTCCCC,1469,15,C-G,19,CCC,CGC,TCGGACCAGGCTTCATTCCGC,2,3,0.99970406
109,TCGGACCAGGCTTCATTCCTC,106,15,T-G,19,CTC,CGC,TCGGACCAGGCTTCATTCCGC,2,3,0.99905556
109,TCGGACCAGGCTTCATTCCC,210,15,X-G,19,CXC,CGC,TCGGACCAGGCTTCATTCCGC,2,3,0.999281
110,TCGGACCAGGCTTCATTCCCC,1469,15,C-G,17,TCC,TGC,TCGGACCAGGCTTCATTGCCC,1,2,0.9997521
110,TCGGACCAGGCTTCATTCCC,210,15,X-G,17,TXC,TGC,TCGGACCAGGCTTCATTGCCC,1,2,0.9994947
111,TCGGACCAGGCTTCATTCCCC,1469,15,C-G,18,CCC,CGC,TCGGACCAGGCTTCATTCGCC,1,2,0.99970406
111,TCGGACCAGGCTTCATTCCC,210,15,X-G,18,CXC,CGC,TCGGACCAGGCTTCATTCGCC,1,2,0.999281
112,TCGGACCAGGCTTCATTCCCC,1469,4,C-T,5,ACC,ATC,TCGGATCAGGCTTCATTCCCC,1,2,0.9997358
112,TCGGATCAGGCTTCATTCCTC,22,4,T-C,19,CTC,CCC,TCGGATCAGGCTTCATTCCCC,1,2,0.829314
113,TCGGACCAGGCTTCATTCCCC,1469,15,C-G,20,CC,CG,TCGGACCAGGCTTCATTCCCG,1,3,0.9997602
113,TCGGACCAGGCTTCATTCCCT,24,15,T-G,20,CT,CG,TCGGACCAGGCTTCATTCCCG,1,3,0.32203075
113,TCGGACCAGGCTTCATTCCC,210,15,X-G,20,CX,CG,TCGGACCAGGCTTCATTCCCG,1,3,0.999283
114,TCGGACCAGGCTTCATTCCCC,1469,4,G-X,3,GGA,GXA,TCGACCAGGCTTCATTCCCC,1,2,0.9994036
114,TCGAACCAGGCTTCATTCCCC,45,4,A-X,4,AAC,AXC,TCGACCAGGCTTCATTCCCC,1,2,0.48418435
115,TCGGACCAGGCTTCATCCCCC,278,15,C-T,17,CCC,CTC,TCGGACCAGGCTTCATCTCCC,1,2,0.9996191
115,TCGGACCAGGCTTCATTCCC,210,15,X-C,16,TXT,TCT,TCGGACCAGGCTTCATCTCCC,1,2,0.9992273
116,TCGGACCAGGCTTCATTCCCC,1469,4,X-A,3,GXG,GAG,TCGAGACCAGGCTTCATTCCCC,1,2,0.9996941
116,TCGAACCAGGCTTCATTCCCC,45,4,X-G,4,AXA,AGA,TCGAGACCAGGCTTCATTCCCC,1,2,0.23529707
117,TCGGACCAGGCTTCATTCCTC,106,9,T-C,16,TTC,TCC,TCGGACCAGGCTTCATCCCTC,1,2,0.9994265
117,TCGGACCAGGCTTCATCCCCC,278,9,C-T,19,CCC,CTC,TCGGACCAGGCTTCATCCCTC,1,2,0.9996191
118,TCGGACCAGGCTTCATTCCCC,1469,15,C-A,18,CCC,CAC,TCGGACCAGGCTTCATTCACC,1,2,0.99952495
118,TCGGACCAGGCTTCATTCCC,210,15,X-A,18,CXC,CAC,TCGGACCAGGCTTCATTCACC,1,2,0.9994821
119,TCGGACCAGGCTTCATTCCTT,36,15,T-X,20,TT,TX,TCGGACCAGGCTTCATTCCT,1,5,0.8852715
119,TCGGACCAGGCTTCATTCCTA,6,15,A-X,20,TA,TX,TCGGACCAGGCTTCATTCCT,1,5,0.0005722994
119,TCGGACCAGGCTTCATTCCTC,106,15,C-X,20,TC,TX,TCGGACCAGGCTTCATTCCT,1,5,0.9973623
119,TCGGACCAGGCTTCATTCCCT,24,15,C-X,19,CCT,CXT,TCGGACCAGGCTTCATTCCT,1,5,0.1177333
119,TCGGACCAGGCTTCATTCCC,210,15,C-T,19,CC,CT,TCGGACCAGGCTTCATTCCT,1,5,0.9993538
120,TAGCCAAGGATGACTTGCCCA,25,8,A-G,20,CA,CG,TAGCCAAGGATGACTTGCCCG,1,4,0.28528726
120,TAGCCAAGGATGACTTGCTCG,13,8,T-C,18,CTC,CCC,TAGCCAAGGATGACTTGCCCG,1,4,0.07966674
120,TAGCCAAGGATGACTTGCCTG,484,8,T-C,19,CTG,CCG,TAGCCAAGGATGACTTGCCCG,1,4,0.9996333
120,TAGCCAAGGATGACTTGCCGG,24,8,G-C,19,CGG,CCG,TAGCCAAGGATGACTTGCCCG,1,4,0.6842369
121,TAGCCAAGGATGACTTGCCCA,25,7,C-G,19,CCA,CGA,TAGCCAAGGATGACTTGCCGA,1,4,0.59911335
121,TAGCCAAGGATGACTTGCCTA,124,7,T-G,19,CTA,CGA,TAGCCAAGGATGACTTGCCGA,1,4,0.9992613
121,TAGCCAAGGATGACTTGCCGG,24,7,G-A,20,GG,GA,TAGCCAAGGATGACTTGCCGA,1,4,0.66611165
121,CAGCCAAGGATGACTTGCCGA,286,7,C-T,0,CA,TA,TAGCCAAGGATGACTTGCCGA,1,4,0.9993892
122,TGATTGAGCCGCGCCAATATC,172,4,C-G,13,GCC,GGC,TGATTGAGCCGCGGCAATATC,1,2,0.99965525
122,TGATTGAGCCGCGTCAATATC,6,4,T-G,13,GTC,GGC,TGATTGAGCCGCGGCAATATC,1,2,0.0011047481
123,TGATTGAGCCGTGCCAATATC,298,3,T-A,0,TG,AG,AGATTGAGCCGTGCCAATATC,1,2,0.9995043
123,AGATTGAGCCGCGCCAATATC,31,3,C-T,11,GCG,GTG,AGATTGAGCCGTGCCAATATC,1,2,0.97780836
124,AGAATCTTGATGATGCTGCAG,55,7,A-X,19,CAG,CXG,AGAATCTTGATGATGCTGCG,1,2,0.5354961
124,AGAATCTTGATGATGCTGCA,105,7,A-G,19,CA,CG,AGAATCTTGATGATGCTGCG,1,2,0.9924178
125,GGAATCTTGATGATGCTGCAT,90,15,G-X,1,GGA,GXA,GAATCTTGATGATGCTGCAT,1,2,0.9940455
125,AGAATCTTGATGATGCTGCAT,389,15,A-X,0,AG,XG,GAATCTTGATGATGCTGCAT,1,2,0.9993125
126,TGAATCTTGATGATGCTGCAC,42,15,T-A,0,TG,AG,AGAATCTTGATGATGCTGCAC,1,4,0.97189945
126,AGAATCTTGATGATGCTGCAG,55,15,G-C,20,AG,AC,AGAATCTTGATGATGCTGCAC,1,4,0.9534782
126,AGAATCTTGATGATGCTGCA,105,15,X-C,20,AX,AC,AGAATCTTGATGATGCTGCAC,1,4,0.9682091
126,AGAATCTTGATGATGCTGCAT,389,15,T-C,20,AT,AC,AGAATCTTGATGATGCTGCAC,1,4,0.99950886
127,AAGCCCTTACCCCAAAAAGCAT,182,5,C-G,19,GCA,GGA,AAGCCCTTACCCCAAAAAGGAT,1,2,0.9997061
127,AAGCCCTTACCCCAAAAAGTAT,248,5,T-G,19,GTA,GGA,AAGCCCTTACCCCAAAAAGGAT,1,2,0.9995419
128,ACCATCGACCGTTGACTGTACC,9,12,C-X,15,ACT,AXT,ACCATCGACCGTTGATGTACC,1,2,0.0013470331
128,ACCATCGACCGTTGATTGTACC,302,12,T-X,16,TTG,TXG,ACCATCGACCGTTGATGTACC,1,2,0.99960405
129,ACCATCGACCGTTGATTGTACC,302,5,T-G,18,GTA,GGA,ACCATCGACCGTTGATTGGACC,1,2,0.9995826
129,ACCATCGACCGTTGAGTGGACC,67,5,G-T,15,AGT,ATT,ACCATCGACCGTTGATTGGACC,1,2,0.9356352
130,CCATCGACCGTTGAGTGGACC,16,5,X-T,0,XC,TC,TCCATCGACCGTTGAGTGGACC,1,2,0.0016594115
130,ACCATCGACCGTTGAGTGGACC,67,5,A-T,0,AC,TC,TCCATCGACCGTTGAGTGGACC,1,2,0.9170142
131,CCTTATCACTTTTCCAGCCCAGC,25,5,C-T,17,GCC,GTC,CCTTATCACTTTTCCAGTCCAGC,1,2,0.91980946
131,CCTTATCACTTTTCCAGCCAGC,129,5,X-T,17,GXC,GTC,CCTTATCACTTTTCCAGTCCAGC,1,2,0.9991817
132,TGGACGGAGAACTGATAAGGGT,297,3,T-G,21,GT,GG,TGGACGGAGAACTGATAAGGGG,1,3,0.99941695
132,TGGACGGAGAACTGATAAGGGC,136,3,C-G,21,GC,GG,TGGACGGAGAACTGATAAGGGG,1,3,0.999629
132,TGGACGGAGAACTGATAAGGG,35,3,X-G,21,GX,GG,TGGACGGAGAACTGATAAGGGG,1,3,0.15634109
133,GCCCAAAGGTGAATTTTTTGGG,76,7,A-X,6,AAG,AXG,GCCCAAGGTGAATTTTTTGGG,1,2,0.103124656
133,GCCCTAAGGTGAATTTTTTGGG,125,7,T-X,4,CTA,CXA,GCCCAAGGTGAATTTTTTGGG,1,2,0.9983033
134,GCCCAAAGGTGAATTTTTTGGG,76,3,G-T,19,TGG,TTG,GCCCAAAGGTGAATTTTTTTGG,1,2,0.97160834
134,GCCCAAAGGTGAATTTTTTGG,29,3,X-T,19,TXG,TTG,GCCCAAAGGTGAATTTTTTTGG,1,2,0.052497026
135,TAGGTAGTTTCATGTTGTTGGG,315,6,G-A,21,GG,GA,TAGGTAGTTTCATGTTGTTGGA,1,2,0.99966574
135,TAGGTAGTTTCATGTTGTTGG,61,6,X-A,21,GX,GA,TAGGTAGTTTCATGTTGTTGGA,1,2,0.30787
136,CCCAGTGTTCAGACTACCTGTTC,422,4,C-T,16,ACC,ATC,CCCAGTGTTCAGACTATCTGTTC,1,2,0.9994992
136,CCCAGTGTTTAGACTATCTGTTC,122,4,T-C,9,TTA,TCA,CCCAGTGTTCAGACTATCTGTTC,1,2,0.9995022
137,TTTCCTATGCATATACTTCTTT,8,5,C-X,4,CCT,CXT,TTTCTATGCATATACTTCTTT,1,2,0.00032191098
137,TTCCTATGCATATACTTCTTT,119,5,C-T,2,TCC,TTC,TTTCTATGCATATACTTCTTT,1,2,0.9983866
138,TCCTTCATTCCACCGGAGTCTG,369,3,G-T,17,AGT,ATT,TCCTTCATTCCACCGGATTCTG,1,2,0.99959797
138,TCCTTCATTCCACCGGATCCTG,6,3,C-T,18,TCC,TTC,TCCTTCATTCCACCGGATTCTG,1,2,0.048941366
139,TCCTTCATTCCACCGGAGTCTG,369,3,T-C,18,GTC,GCC,TCCTTCATTCCACCGGAGCCTG,1,2,0.9994148
139,TCCTTCATTCCACCGGATCCTG,6,3,T-G,17,ATC,AGC,TCCTTCATTCCACCGGAGCCTG,1,2,0.05854499
140,CCCTTCATTCCACCGGAATCTG,21,8,C-T,0,CC,TC,TCCTTCATTCCACCGGAATCTG,1,2,0.8327274
140,TCCTTCATTCCACCGGAGTCTG,369,8,G-A,17,AGT,AAT,TCCTTCATTCCACCGGAATCTG,1,2,0.9997365
141,TGGAATGTAAGGAAGTGTGTGG,277,2,G-C,20,TGG,TCG,TGGAATGTAAGGAAGTGTGTCG,1,2,0.9994265
141,TGGAATGTAAGGAAGTGTGTG,6,2,X-C,20,TXG,TCG,TGGAATGTAAGGAAGTGTGTCG,1,2,0.0004309437
142,ATAAGACGAGCAAAAAGCTTGT,173,2,X-C,20,TXG,TCG,ATAAGACGAGCAAAAAGCTTCGT,1,2,0.9991385
142,ATAAGACGAGCAAAAAGCTCGT,6,2,X-T,19,TXC,TTC,ATAAGACGAGCAAAAAGCTTCGT,1,2,0.00041396279
143,TCTACAGTGCACGTGTCTCCAGT,120,3,G-X,21,AGT,AXT,TCTACAGTGCACGTGTCTCCAT,1,2,0.9980671
143,TCTACAGTGCACGTGTCTCCAG,85,3,G-T,21,AG,AT,TCTACAGTGCACGTGTCTCCAT,1,2,0.99509513
144,CAATCAGCAAGTATACTGCCCT,113,4,C-G,0,CA,GA,GAATCAGCAAGTATACTGCCCT,1,2,0.995983
144,AATCAGCAAGTATACTGCCCT,54,4,X-G,0,XA,GA,GAATCAGCAAGTATACTGCCCT,1,2,0.791038
145,AATCAGCAAGTATACTGCCCT,54,3,X-G,21,TX,TG,AATCAGCAAGTATACTGCCCTG,1,2,0.7914935
145,AATCAGCAAGTATACTGCCCTA,49,3,A-G,21,TA,TG,AATCAGCAAGTATACTGCCCTG,1,2,0.9762683
146,AACATTCATTGCTGTCGGTGGGT,168,4,G-T,21,GGT,GTT,AACATTCATTGCTGTCGGTGGTT,1,2,0.99955064
146,AACATTCATTGCTGTCGGTGGGTT,108,4,G-X,21,GGT,GXT,AACATTCATTGCTGTCGGTGGTT,1,2,0.99820733
147,CTGTGCGTGTGACAGCGGCTGA,176,2,C-A,0,CT,AT,ATGTGCGTGTGACAGCGGCTGA,1,2,0.99963605
147,ACTGTGCGTGTGACAGCGGCTGA,7,2,C-X,1,ACT,AXT,ATGTGCGTGTGACAGCGGCTGA,1,2,0.0016665063
148,ACAGCAGGCACAGACAGGCAGT,155,5,T-C,21,GT,GC,ACAGCAGGCACAGACAGGCAGC,1,2,0.99943656
148,ACAGCAGGCACAGACAGGCAG,169,5,X-C,21,GX,GC,ACAGCAGGCACAGACAGGCAGC,1,2,0.9991947
149,TACTGCATCAGGAACTGATTGGA,105,5,A-T,22,GA,GT,TACTGCATCAGGAACTGATTGGT,1,3,0.9990226
149,TACTGCATCAGGAACTGATTGGAT,67,5,A-X,22,GAT,GXT,TACTGCATCAGGAACTGATTGGT,1,3,0.41246113
149,TACTGCATCAGGAACTGATTGG,35,5,X-T,22,GX,GT,TACTGCATCAGGAACTGATTGGT,1,3,0.9163099
150,TACTGCATCAGGAACTGATTGGA,105,3,X-G,23,AX,AG,TACTGCATCAGGAACTGATTGGAG,1,2,0.9960477
150,TACTGCATCAGGAACTGATTGGAT,67,3,T-G,23,AT,AG,TACTGCATCAGGAACTGATTGGAG,1,2,0.96455216
151,AGAGTTGAGTCTGGACGTCCCG,103,3,A-T,7,GAG,GTG,AGAGTTGTGTCTGGACGTCCCG,1,2,0.99917835
151,AGAGTTGCGTCTGGACGTCCCG,70,3,C-T,7,GCG,GTG,AGAGTTGTGTCTGGACGTCCCG,1,2,0.996203
152,AGCTACATTGTCTGCTGGGTTTC,288,2,C-G,22,TC,TG,AGCTACATTGTCTGCTGGGTTTG,1,2,0.99960035
152,AGCTACATTGTCTGCTGGGTTT,7,2,X-G,22,TX,TG,AGCTACATTGTCTGCTGGGTTTG,1,2,0.00019499005
153,TGTCAGTTTGTCAAATACCCC,159,4,C-A,20,CC,CA,TGTCAGTTTGTCAAATACCCA,1,2,0.99952066
153,TGTCAGTTTGTCAAATACCCCA,144,4,C-X,20,CCA,CXA,TGTCAGTTTGTCAAATACCCA,1,2,0.99940634
154,CAGTGCAATAGTATTGTCAAAGC,175,3,A-T,19,AAA,ATA,CAGTGCAATAGTATTGTCATAGC,1,2,0.99951065
154,CAGTGCAATAGTATTGTCATAG,32,3,X-C,22,GX,GC,CAGTGCAATAGTATTGTCATAGC,1,2,0.13016671
155,ACGGGTTAGGCTCTTGGGAGCT,153,2,C-G,10,GCT,GGT,ACGGGTTAGGGTCTTGGGAGCT,1,2,0.9996786
155,ACGGGTTAGGTTCTTGGGAGCT,14,2,T-G,10,GTT,GGT,ACGGGTTAGGGTCTTGGGAGCT,1,2,0.019755622
156,GCAAAGCACACGGCCTGCAGAGA,35,5,C-A,10,ACG,AAG,GCAAAGCACAAGGCCTGCAGAGA,1,2,0.98733914
156,GCAAAGCACAGGGCCTGCAGAGA,98,5,G-A,10,AGG,AAG,GCAAAGCACAAGGCCTGCAGAGA,1,2,0.9986687
157,GCTCACTTCTCTCTCTGTCAGC,88,3,T-G,7,TTC,TGC,GCTCACTGCTCTCTCTGTCAGC,1,2,0.9935421
157,GCTCACTGCTCTCTCTGTCATC,19,3,T-G,20,ATC,AGC,GCTCACTGCTCTCTCTGTCAGC,1,2,0.0627608
158,CCTGTTCTTGATTACTTGTTTC,41,2,G-T,3,TGT,TTT,CCTTTTCTTGATTACTTGTTTC,1,2,0.88456476
158,CCTATTCTTGATTACTTGTTTC,39,2,A-T,3,TAT,TTT,CCTTTTCTTGATTACTTGTTTC,1,2,0.96167475
159,ACCTGGCATACAATGTAGATTTCTGT,69,2,T-X,21,TTC,TXC,ACCTGGCATACAATGTAGATTCTGT,1,2,0.46446446
159,ACCTGGCATACAATGTAGAATTCTGT,6,2,A-X,19,AAT,AXT,ACCTGGCATACAATGTAGATTCTGT,1,2,0.004305929
160,ATCATAGAGGAAAATCCACGT,35,4,A-T,13,AAT,ATT,ATCATAGAGGAAATTCCACGT,1,2,0.99563944
160,AACATAGAGGAAATTCCACGT,36,4,A-T,1,AAC,ATC,ATCATAGAGGAAATTCCACGT,1,2,0.9958507
161,GCGACGAGCCCCTCGCACAAACC,37,3,C-T,21,ACC,ATC,GCGACGAGCCCCTCGCACAAATC,1,2,0.9738815
161,GCGACGAGCCCCTCGCACAAAC,36,3,X-T,21,AXC,ATC,GCGACGAGCCCCTCGCACAAATC,1,2,0.95819193
162,AGCGAGGTTGCCCTTTGTATAT,44,2,X-G,22,TX,TG,AGCGAGGTTGCCCTTTGTATATG,1,2,0.96139896
162,AGCGAGGTTGCCCTTTGTATATT,35,2,T-G,22,TT,TG,AGCGAGGTTGCCCTTTGTATATG,1,2,0.9777278
163,GCTGGTCAAACGGAACCAAGTC,34,2,C-G,10,ACG,AGG,GCTGGTCAAAGGGAACCAAGTC,1,2,0.9323913
163,GCTGGTCAAATGGAACCAAGTC,14,2,T-G,10,ATG,AGG,GCTGGTCAAAGGGAACCAAGTC,1,2,0.012973348
164,AGTGGTTCTTAACAGTTCAAC,27,1,T-C,9,TTA,TCA,AGTGGTTCTCAACAGTTCAAC,1,2,0.9604969
164,AGTGGTTCTCAACAGTTCAACA,13,1,A-X,21,CA,CX,AGTGGTTCTCAACAGTTCAAC,1,2,0.0018770046
165,TTGAGCCGTGCCAATATCACG,84,2,T-C,8,GTG,GCG,TTGAGCCGCGCCAATATCACG,1,2,0.9974644
165,TTGAGCCGCGCCAATATCACA,6,2,A-G,20,CA,CG,TTGAGCCGCGCCAATATCACG,1,2,0.00060826377
166,GTGAAGTGTTTGGGGAAACTC,26,15,A-X,17,AAC,AXC,GTGAAGTGTTTGGGGAACTC,1,3,0.04324522
166,GTGAAGTGTTTGGAGGAACTC,41,15,A-X,13,GAG,GXG,GTGAAGTGTTTGGGGAACTC,1,3,0.119894914
166,GTGAAGTGTTTGGGGGAACTC,398,15,G-X,15,GGA,GXA,GTGAAGTGTTTGGGGAACTC,1,3,0.9995353
167,CTGAAGTGTTTGGGGGAACTC,195,2,G-A,7,TGT,TAT,CTGAAGTATTTGGGGGAACTC,1,2,0.99965024
167,ATGAAGTATTTGGGGGAACTC,16,2,A-C,0,AT,CT,CTGAAGTATTTGGGGGAACTC,1,2,0.008283959
168,TTCCACAGCTTTCTTGAACTG,218,5,G-C,20,TG,TC,TTCCACAGCTTTCTTGAACTC,1,2,0.9995547
168,TTCCACAGCTTTCTTGAACTT,142,5,T-C,20,TT,TC,TTCCACAGCTTTCTTGAACTC,1,2,0.9996208
169,GTTCAATAAAGCTGTGGGAAA,27,4,A-C,18,GAA,GCA,GTTCAATAAAGCTGTGGGCAA,1,2,0.9965364
169,GTTCAATAAAGCTGTGGGAA,51,4,X-C,18,GXA,GCA,GTTCAATAAAGCTGTGGGCAA,1,2,0.7980406
170,TAATACTGTCTGGTAATGCCG,19,6,X-C,21,GX,GC,TAATACTGTCTGGTAATGCCGC,1,2,0.001591445
170,TAATACTGTCTGGTAATGCCGT,95,6,T-C,21,GT,GC,TAATACTGTCTGGTAATGCCGC,1,2,0.9981109
171,ACTCTCCCTCAAGGCTTCCA,13,2,A-X,0,AC,XC,CTCTCCCTCAAGGCTTCCA,1,2,0.0005138539
171,CTCTCCCTCAAAGGCTTCCA,10,2,A-X,11,AAG,AXG,CTCTCCCTCAAGGCTTCCA,1,2,0.05490163
172,CTCTAGAGGGAAGCGCTTTCTG,55,3,G-C,14,CGC,CCC,CTCTAGAGGGAAGCCCTTTCTG,1,2,0.9893406
172,CTCTAGAGGGAAGCACTTTCTG,29,3,A-C,14,CAC,CCC,CTCTAGAGGGAAGCCCTTTCTG,1,2,0.9490648
173,ATTCTGCATTTTTAGCAAGTTC,8,2,T-G,19,GTT,GGT,ATTCTGCATTTTTAGCAAGGTC,1,2,0.14268571
173,ATTCTGCATTTTTAGCAAGCTC,5,2,C-G,19,GCT,GGT,ATTCTGCATTTTTAGCAAGGTC,1,2,0.9977876
